0.0,0.5,1.0,1.5,2.0,2.5,3.0,3.5,4.0,4.5,5.0,5.5,6.0,6.5,7.0,7.5
0.1383660827020202,0.1333774437650966,0.1390701448074495,0.14437993367513022,0.1483705582157258,0.1514619087260929,0.1533389899248634,0.15506998697916666,0.15624457465277777
0.13403918696384803,0.12743452904929578,0.13238083106884058,0.13771504103535354,0.1411808894230769,0.14418411254882812,0.14624798487103174,0.14805553805443547,0.14926574050739247
0.130517578125,0.12222207559121621,0.12612462926793983,0.13054315476190476,0.13402123544730393,0.13663858442164178,0.13874709004103536,0.14050355568910255,0.14181064703525642
0.1273428330399061,0.11780366443452381,0.12122612847222222,0.1253390842013889,0.12861511517018778,0.13124622584541062,0.13329240387561275,0.13478716681985295,0.13588551383706468
0.1236689319349315,0.11244405110677083,0.11480765057425214,0.11876906010142543,0.12179867856137387,0.12444037171803653,0.1262885199652778,0.12780131308685447,0.12902715773809523
0.12094618055555556,0.10776112261546185,0.10952188135162602,0.11303504911656118,0.11584994324252136,0.11817048725328948,0.11987521701388888,0.12127630560247747,0.12251130525056306
0.11787976021374459,0.102783203125,0.10372475320978682,0.10650537884424603,0.10899390243902439,0.1113861083984375,0.11320914095464135,0.11450401338343882,0.11564544938568376
0.11453220986912394,0.09815641824672285,0.09760504447565543,0.09961577569054307,0.10175612877155173,0.10387899709302326,0.10532992493872549,0.10702659970238096,0.10782681507279117
0.112298583984375,0.09369879447565543,0.09206844715589887,0.09313004740168539,0.09467169943820225,0.09614385826310862,0.09757852732911985,0.09863647003745318,0.09970447097378277
0.10997982574588477,0.09000742480102997,0.08720849426498127,0.08781655986657304,0.08917167749297752,0.0906429219335206,0.09189105658941947,0.09283287248361423,0.09378108906835206
0.10793760981425703,0.08624016122425093,0.08238968867041198,0.08229184954353932,0.0828084767088015,0.08370457338483146,0.08464181735720974,0.08533217755149813,0.08616701047518727
0.1053777956495098,0.08269234989466293,0.07756539676966293,0.07624045382724719,0.0763721251755618,0.07691709825608614,0.07749498917368913,0.07793206489934457,0.07854470242275281
0.10376544331395349,0.07914819610252809,0.07294044066011236,0.07078157917837079,0.07008756144662921,0.07012505120552434,0.07041033912687265,0.07068831197331461,0.07101749034410113
0.10207042474856322,0.07623313875234082,0.06840783737125468,0.06475852937734082,0.06296999356273408,0.062080297577247194,0.061624934164325844,0.06115676937031835,0.06107264600889513
0.0999888445107678,0.07355399256788389,0.06510233789794008,0.06082393346207865,0.05830206138810862,0.05705666988529962,0.05585608321629214,0.0553083669826779,0.05475242128979401
0.09928202539794008,0.07083095593398876,0.06078370055009363,0.05497370230571161,0.05119820926966292,0.0486507344335206,0.04672504096441948,0.04518430331226592,0.04407241192649813
0.09788484609082397,0.06856968340355805,0.05758701281601124,0.050873602820692886,0.04626236247659176,0.04297332192181648,0.04049076837546817,0.03855684544709738,0.03702708040730337
0.09651144077715355,0.06612096207865169,0.05369539296582397,0.04603650953885768,0.04029874765917603,0.035974624005149815,0.03259505939840824,0.030139022998595506,0.02814475070224719
0.09467992889747191,0.06337689460440075,0.04998756437265917,0.04091047079822097,0.03415591350655431,0.029297789384363296,0.025806669885299626,0.023389952013108613,0.02181263898642322
0.09291882461376405,0.05989857648642322,0.04517881700608614,0.03484993123829588,0.027251397179307114,0.022204909878277154,0.01916915379213483,0.017461083801498127,0.016369308871722846
0.09292065338249064,0.05919541491104869,0.04329609960205993,0.03211043568586142,0.023958699087078653,0.01897438992275281,0.01606664764747191,0.014538711376404494,0.013762399051966292
0.09133328212780899,0.05696980337078652,0.04028137435627341,0.02842272354868914,0.019951866807116105,0.015059910463483145,0.012801381086142321,0.011795558286516855,0.01130361949906367
0.09032928809691011,0.054981017380617975,0.03723738881086142,0.024479898174157303,0.01629341496956929,0.012201544943820225,0.010525478405898877,0.009925642263576779,0.009663213951310862
0.08983094861891386,0.053343354985955056,0.034603961844569285,0.021210974075374533,0.013518258426966292,0.010272193937265918,0.00907983672752809,0.008681165145131085,0.008546750643726592
0.08833227264747191,0.05077210615636704,0.031217082162921347,0.017336727528089887,0.010372776217228465,0.008140763986423221,0.007582989524812734,0.007415657186329588,0.007364451661985019
0.1320081333031401,0.12656995985243055,0.13144083069142512,0.1369373833955224,0.140625,0.14351526896158853,0.14568219866071427,0.14736405629960317,0.14860419816868278
0.12747923085387325,0.12029079861111111,0.12442587935216895,0.1288191387910798,0.13238908703200483,0.13513662300857843,0.13702119286380596,0.13871873027146464,0.139990234375
0.12391418735730593,0.11544512887286325,0.11857845908717106,0.12275104694538289,0.12601499204282407,0.1285280039612676,0.13029320126488095,0.13178758114432368,0.13273701690821257
0.1204958767361111,0.11007225758744855,0.11251627604166667,0.11625426981872294,0.1196484375,0.12206261437218469,0.12397661601027397,0.1254905418113426,0.1266818576388889
0.11657450622294373,0.10443282781862745,0.10620892237103174,0.10957051098831301,0.11260477701822917,0.11473774706196581,0.11665800020292208,0.11788244414747807,0.11893289131030702
0.11201578776041667,0.09870779201779026,0.09924362125468165,0.10180851143438698,0.10444910386029412,0.10657513330853174,0.10814841396837349,0.10968166444359756,0.11070621945730452
0.10980671208079268,0.09512523408239701,0.09473662072799625,0.0965690469920412,0.0987434530079588,0.10054524739583333,0.10209006824712644,0.10354401344476744,0.10468271292892156
0.10620601593501984,0.08814208069990637,0.08750658356741572,0.08856086873829588,0.09009794885299625,0.0917090941011236,0.09276703680945693,0.09385241104868913,0.09482074408941947
0.10477749693627451,0.08615695224719101,0.08352078212780899,0.08390665232911985,0.08505329032069288,0.08623193176498127,0.08727067240168539,0.08818597114934457,0.08894948209269662
0.10083562677556818,0.08112418071161048,0.07722067386470037,0.0767689679892322,0.07744286926498127,0.07828593164794008,0.07920031601123595,0.07989707689606741,0.08055634802200375
0.09886963805009363,0.07735966028792135,0.07219430301966293,0.07071940104166667,0.07044417134831461,0.07063436329588015,0.07115099046114232,0.07159355249297752,0.07207909058988764
0.09662756759129214,0.07335648554541198,0.06684058257256555,0.06421264191245318,0.0631217813670412,0.06281180506788389,0.06287672635767791,0.06295902095037453,0.06311446629213484
0.09514077861657304,0.07030061300327715,0.06244239378511236,0.05869890420177903,0.0567293202832397,0.055595483672752806,0.054880435100655434,0.05467195546582397,0.05438483877574907
0.0932169139161985,0.0675830626755618,0.05844470534878277,0.05349697155898876,0.050569112827715354,0.0486278748244382,0.047442832689606744,0.04664823267790262,0.04601639308286517
0.09133419651217228,0.06418063845973783,0.053731968340355804,0.04771349046114232,0.04374780547752809,0.04095436124765917,0.03910913360252809,0.0377750468164794,0.036968559808052436
0.08972396564840825,0.061489605278558054,0.05023444815074907,0.043273239992977525,0.03863365373361423,0.035481770833333336,0.03328084767088015,0.03190652797284644,0.03091259216994382
0.08825363559222846,0.058594664384363296,0.04582254359784644,0.03780887903792135,0.03254934018024345,0.02917709064840824,0.027116068293539325,0.02569237183988764,0.024819134772940076
0.08505786224250936,0.055560737066947564,0.0416803824321161,0.032545682642790265,0.02670185217696629,0.023200674449906367,0.021197258309925093,0.019993928487827717,0.019272479225187267
0.0850715780079588,0.053251916549625467,0.03826424245084269,0.02875555945692884,0.022799259714419477,0.019581541139981274,0.017880786224250936,0.017076127984550563,0.016650024871254682
0.08365702539794008,0.05039355102996255,0.03437170821629214,0.024077569054307114,0.018451362066947564,0.01579141795411985,0.01469507110252809,0.014216848080524345,0.01395350538389513
0.08304621664325842,0.049191135592228465,0.032031798630617975,0.021097590414325844,0.015361657303370786,0.013118672460205993,0.012255493621254682,0.011918085791198503,0.011822075433052434
0.0818959211142322,0.047227037979868915,0.029225553019662922,0.018185276217228465,0.013173535522003746,0.011450835381554307,0.010925064372659176,0.010732129272003746,0.010692810744382022
0.08088278323970037,0.045431187090355804,0.026796033766385768,0.015723753511235956,0.01125698589653558,0.009985077247191011,0.009654070107677902,0.009530628218632958,0.009483080231741573
0.07907413096910113,0.043651795119382025,0.024235757549157303,0.013295148642322098,0.00945290554775281,0.008416908064138577,0.00834284293071161,0.008335527855805243,0.008287979868913858
0.07987970359316479,0.042730095681179775,0.02254506086142322,0.011555989583333334,0.008225801732209739,0.00755281484082397,0.0074339448735955055,0.00738639688670412,0.007385482502340824
0.12480602525684932,0.11892860814144737,0.12273565068975226,0.12753654085974178,0.1307221912202381,0.13317033356311275,0.13511786769278608,0.13667988184079602,0.13770147766729798
0.11942973889802631,0.11362016251318566,0.11687888933982683,0.12090386284722222,0.12408363655821918,0.12654622395833334,0.12822655333039906,0.12965611049107142,0.1306489490327381
0.11577064970619658,0.10680764818948413,0.10917452680386179,0.11307169596354166,0.11620676415598291,0.11853776898300439,0.1202517361111111,0.1215380419481982,0.12278623838682433
0.1120208740234375,0.10104647549715909,0.10273683533187984,0.10619632781498016,0.10904352451727642,0.11147359212239584,0.11324313521888185,0.11472209702190171,0.1156673594417735
0.10828175985190763,0.09630844744850187,0.09664494089419476,0.09962217638108614,0.10208632662835249,0.10411083605862403,0.1054831112132353,0.10695393880208333,0.10765817174949799
0.10565379309275794,0.0919303751170412,0.0914183198735955,0.09315839331694757,0.09512340531367042,0.09675466701779026,0.09809058257256555,0.09920338834269662,0.10020030628551137
0.10142100941051137,0.08618804131554307,0.08433458421114232,0.08516301644428839,0.08658762728230338,0.08782204617275281,0.08894125263342696,0.08992787336142322,0.09072064460440075
0.09810246956928839,0.0815210235252809,0.07846697975187265,0.07884919241573034,0.07999217286985019,0.08109126287453183,0.08225893170646068,0.08319891883192884,0.08382070019897003
0.09531359726123595,0.0767031323150749,0.07253445400280899,0.07156886411516854,0.07173162453183521,0.07240918334503746,0.07292855366338952,0.07355856448970037,0.07399472583099251
0.09289505062031835,0.07288283444522473,0.06742944610252809,0.06597283181179775,0.06575337956460674,0.06591796875,0.06633492801966293,0.06676926059222846,0.06727857268258428
0.08943502018960674,0.0679378438085206,0.061602988939606744,0.05895584620786517,0.05781286575374532,0.05744711200842697,0.05714902270599251,0.057145365168539325,0.0572395467579588
0.08748555272705992,0.06429493650514981,0.05659399139747191,0.05284135797050562,0.050922065191947564,0.04983943410580524,0.049299947331460675,0.04883086815308989,0.048665364583333336
0.08511455407303371,0.06077638547518727,0.051952576369382025,0.04719046260533708,0.044576237710674156,0.04284622249531835,0.041991273115636704,0.041367662979868915,0.04092875848548689
0.08312851123595505,0.05704569727294007,0.046721383426966294,0.041147296348314606,0.03786831402153558,0.03592158971207865,0.0346899139747191,0.03396846471207865,0.03340977586610487
0.08095684837312735,0.054171787219101125,0.04303458567415731,0.036757337020131085,0.033142775632022475,0.031006773759363296,0.02975406718164794,0.028949408941947564,0.02854890859082397
0.07958161429073034,0.05151732941245318,0.03882933198735955,0.031892812207397,0.027949072448501873,0.025746320517322098,0.02461156952247191,0.0239705860838015,0.02357922957631086
0.07777570517322098,0.04822646008895131,0.03481427024812734,0.027237681413857677,0.02330857180477528,0.021477059925093633,0.020619367392322098,0.02012834298923221,0.0199527811914794
0.07587378569756555,0.04517515946863296,0.030908934632490635,0.02319793129681648,0.019746130325374533,0.01830871810627341,0.01777563202247191,0.017553436622191013,0.0174007344335206
0.07538641883192884,0.04405869616104869,0.02916154611423221,0.02107381642088015,0.01757355307818352,0.0162019765332397,0.015688092521067416,0.015454924508426966,0.015347941537921348
0.07341134860720974,0.0409269297167603,0.024788045704588015,0.017109045821629212,0.01427353991104869,0.013499970739700374,0.013264059573970038,0.01317262113764045,0.01314153206928839
0.07207451866807116,0.038459920704588015,0.02202386177434457,0.01469049918071161,0.01247768902153558,0.011908941947565543,0.011728808227996254,0.011655657478932584,0.011670287628745318
0.07118299391385768,0.03658360399110487,0.019847626989700374,0.012821497542134831,0.010960725362827715,0.010536451018258427,0.010448670119382022,0.010418495435393258,0.010407522823033708
0.06957733497191011,0.03418608819054307,0.017018521769662922,0.010767790262172285,0.00944376170411985,0.00914201486423221,0.00907526480571161,0.00905972027153558,0.009042346968632958
0.06950235545411985,0.03375449877106742,0.015869140625,0.00977019692181648,0.008481829353932584,0.008295294943820225,0.008242260650749064,0.008245918188202247,0.00823860311329588
0.06799545002340825,0.03157826398642322,0.01359415232911985,0.008199284585674158,0.0073269619030898875,0.007262954997659176,0.00723095154494382,0.007207177551498127,0.00721540701076779
0.11750562263257576,0.11125691731770833,0.11390962882383966,0.11768327679550439,0.12040907118055555,0.12270375844594594,0.12404796304223745,0.12551088686342593,0.12645128038194445
0.11253560384114583,0.10476505055147059,0.10697622147817461,0.11053542148919752,0.11303195872890295,0.11538148537660256,0.1169137665719697,0.1185131407620614,0.11948784722222222
0.10874479960619919,0.09991752253043071,0.10106959487452652,0.1042825137867647,0.10671561104910714,0.10862868394308943,0.11005718717849794,0.11153666178385417,0.112451171875
0.103759765625,0.09321234199438203,0.09353694844335206,0.09625084123361423,0.09829357590121723,0.10026689009232954,0.10180102819683907,0.10319199672965117,0.10409581801470588
0.09966698121488764,0.08737491221910113,0.08674855893024344,0.08843285492743445,0.0901976167485955,0.09177310100655431,0.09310993094569288,0.09422547986891386,0.09507219978932584
0.09671809164325842,0.08344031630383895,0.08186391766151685,0.08288528499531835,0.08436018697331461,0.08570341760299625,0.08692686388108614,0.08787325169709738,0.0885572112008427
0.09318856800093633,0.07772998595505617,0.07481218545177902,0.0750855863764045,0.07595699467462547,0.07690795441245318,0.0777473592579588,0.07843223314606741,0.07910522003745318
0.09014732560861423,0.0732869923338015,0.06923718398876405,0.06845721412687265,0.06872421436095505,0.06925638606039326,0.06979312968164794,0.07039022267088015,0.07072305857911985
0.08591006846910113,0.06745779201779026,0.06240033210440075,0.06093731712312734,0.060692262113764044,0.06065111481741573,0.06096932057584269,0.06127015303136704,0.06150789296582397
0.08359393287687265,0.06352502487125468,0.057171882315074904,0.05485757549157303,0.053910273291198504,0.05351434486189138,0.0533113515332397,0.05326471793071161,0.05321351240636704
0.08095684837312735,0.059902234023876406,0.05254509743679775,0.04927983087546817,0.04793660024578652,0.04719137698970038,0.046880486306179775,0.04669669504915731,0.04660617099719101
0.07848892497659175,0.05651626872659176,0.04852272062265917,0.04467407683754682,0.042703578534644196,0.041596259070692886,0.040972648934925096,0.040637069873595506,0.04046242246020599
0.07564793275983146,0.05155116163389513,0.04236708508895131,0.038015529904026214,0.03583198004447566,0.034723746196161046,0.0341357970505618,0.03379564606741573,0.033561563670411985
0.07356862271769662,0.04828132315074907,0.037880201018258425,0.0329370391502809,0.03054592404026217,0.029435861423220973,0.02895946716994382,0.028627545646067416,0.028477586610486893
0.07203794329353932,0.04592952656835206,0.03462042076310862,0.029225553019662922,0.026696365870786515,0.025528697038857677,0.025019384948501873,0.024734097027153557,0.024609740753745318
0.06933776626872659,0.041846800386235956,0.030021067415730338,0.024717638108614232,0.02260906776685393,0.02171571424391386,0.021456943469101125,0.021317042661516853,0.021260350830992508
0.06776685393258428,0.039131078827247194,0.02667350626170412,0.021585871664325844,0.01978636323735955,0.019130749648876403,0.01888478025514981,0.01879242743445693,0.01874122191011236
0.06625811973314606,0.03663480951544944,0.023691698852996254,0.018653441011235956,0.017092586903089887,0.016434230161516853,0.016442459620786515,0.016387596558988762,0.01637296640917603
0.06498986862125468,0.0342903280079588,0.02076475450608614,0.016036472963483147,0.014758163623595506,0.01446647501170412,0.014345776275749064,0.01430462897940075,0.014288170060861423
0.06295993533473783,0.0314502501755618,0.018120354927434457,0.01412906718164794,0.013209196512172285,0.013024490870786517,0.012955912043539327,0.012932138050093633,0.012900134597378278
0.06126649549391386,0.02886437119616105,0.01564237330290262,0.012175027797284644,0.011481924449906367,0.011329222261235955,0.011287160580524345,0.011270701661985018,0.011264300971441947
0.06030913506554307,0.027210249882958802,0.013932474543539327,0.01072207104400749,0.010192642497659176,0.010121320517322098,0.010112176673689138,0.010106690367509363,0.010096632139513109
0.05970106946395131,0.026000519370318352,0.012517007549157303,0.00947027885065543,0.009038689431179775,0.008939021535580524,0.008934449613764045,0.008932620845037454,0.008926220154494381
0.058978705816947564,0.024183637640449437,0.010933293831928838,0.008276092872191011,0.007977089185393258,0.007930455582865169,0.007914911048689138,0.007913082279962546,0.00791216789559925
0.05758061212546817,0.02228080378043071,0.00937701164559925,0.007266612535112359,0.007080992509363296,0.007044417134831461,0.007030701369382023,0.007027958216292135,0.0070160712195692886
0.11052336516203703,0.10383252910539216,0.10588921440972222,0.10935614361026423,0.11203715006510416,0.11402294303797468,0.11539296207264957,0.11672458400974026,0.11757405598958333
0.10561140471813725,0.09752640742041198,0.09870413448033707,0.1014577346743295,0.10372853833575581,0.10569932725694445,0.10727970475652611,0.10822476022611789,0.10925094480436992
0.10013331724016854,0.09054416842228465,0.09104433666900749,0.09322422899110487,0.09519106975655431,0.09669614641853932,0.09795616807116105,0.09897936417368913,0.09969989905196629
0.09700520833333333,0.08681805214185394,0.08654830875468165,0.0883779918656367,0.09022596266385768,0.09162862827715355,0.09290602323267791,0.09379937675561797,0.09451442532771535
0.0924424303604869,0.08048776919475656,0.0792112886235955,0.08026557379447566,0.08161246196161048,0.08278836025280899,0.08376949467462547,0.0844946014747191,0.08512826983848315
0.08914698911516854,0.07555557993913857,0.07342963629447566,0.07364543100421349,0.07468965794709738,0.07550803195224719,0.07626697097378277,0.07683480366338952,0.07729199584503746
0.08447082748127341,0.06955356097846442,0.0664492260650749,0.06634224309456929,0.06663393170646068,0.06718987739934457,0.06757757636938203,0.06802196716994383,0.06837217638108614
0.08116167047050561,0.06522577978698502,0.06103698501872659,0.0602350699321161,0.06014546026451311,0.06033382344335206,0.060591679833801496,0.06077547109082397,0.061025098022003746
0.07734137260065543,0.059889432642790265,0.05516023671582397,0.05373745464653558,0.053332382373595506,0.05329672138342697,0.05338815981975655,0.053505201018258425,0.05359389630149813
0.07480761352996254,0.05553513430477528,0.049287145950374533,0.04689511645599251,0.04606028353230337,0.04571373185861423,0.04550982414559925,0.045533598139044944,0.04550159468632959
0.07177734375,0.051645343223314606,0.044831350948033706,0.04218603698501873,0.041069573677434454,0.040637069873595506,0.04047430945692884,0.04030057642790262,0.04029234696863296
0.06833377223782772,0.04682653762874532,0.03927006525046817,0.036196819405430715,0.035150763693820225,0.03467619820926966,0.03445857473080524,0.03437536575374532,0.03426381086142322
0.06584481800093633,0.04332170236423221,0.03517545207162921,0.03206105893024345,0.03084127018960674,0.03040876638576779,0.030205773057116105,0.030120735311329586,0.030092389396067416
0.06320864788155431,0.03974920265683521,0.031133873185861423,0.027989305360486893,0.026914903733614232,0.02655372191011236,0.02642296494616105,0.026319639513108613,0.026307752516385768
0.06101046787219101,0.03605051790730337,0.027063034000468163,0.02406293890449438,0.023248222436797753,0.02296202013108614,0.02281206109550562,0.02277822887406367,0.02272885211844569
0.059218274520131085,0.0333796011821161,0.02407665466994382,0.021314299508426966,0.020517870727996254,0.020270986949906367,0.020230754037921347,0.020163089595037452,0.020169490285580523
0.05677961142322097,0.030492889747191013,0.021290525514981274,0.018757680828651684,0.018166988529962548,0.017966738354400748,0.017942964360955056,0.017893587605337078,0.017916447214419477
0.055170294943820225,0.028114576018258428,0.01894055770131086,0.01657047343164794,0.01602915788857678,0.01592674683988764,0.01588194200608614,0.01590022969335206,0.015885599543539325
0.05273163184691011,0.024830107385299626,0.016249524520131085,0.014532310685861423,0.014239707689606742,0.014170214477996254,0.014170214477996254,0.01414461171582397,0.01415375555945693
0.05186205231741573,0.02284223577949438,0.01433571804775281,0.01275749063670412,0.012557240461142321,0.012507863705524345,0.012487747249531835,0.012484089712078652,0.012451171875
0.05061574643024345,0.021744974543539325,0.012995230571161049,0.011529472436797753,0.011276187968164793,0.011234126287453183,0.011204865987827715,0.011212181062734082,0.011213095447097378
0.048384648583801496,0.018592177258895132,0.010964382900280898,0.009907354576310862,0.009802200374531835,0.009801285990168539,0.00978116953417603,0.009793056530898877,0.009765625
0.04828315191947566,0.017572638693820225,0.009902782654494381,0.008932620845037454,0.008828381027621722,0.008827466643258427,0.008819237183988764,0.008817408415262172,0.008814665262172285
0.047699774695692886,0.016445202773876403,0.008821980337078652,0.007977089185393258,0.007920397354868915,0.007913082279962546,0.007906681589419476,0.007910339126872659,0.007903024051966292
0.046466270189606744,0.014983102176966292,0.007973431647940074,0.007276670763108614,0.007197119323501873,0.00718888986423221,0.007181574789325843,0.007175174098782771,0.007179746020599251
0.10368311682412791,0.09769282537453183,0.09896016210205992,0.10142125389128352,0.10329041000484496,0.1050503599877451,0.10627189515128968,0.10720616842369478,0.10784348330823293
0.09828717521067416,0.09089072009597378,0.0917100084854869,0.09391550356975656,0.0958603991104869,0.09748434573970037,0.09868036048689138,0.09966058052434457,0.100494384765625
0.09387892819522473,0.08536326661985019,0.0855159688085206,0.0874014293656367,0.08894673893960674,0.09035946278089887,0.09136528558052434,0.0923299610838015,0.09299746166900749
0.08839810832162921,0.07855018872893259,0.07793937997425093,0.07904487066947566,0.08017413535814606,0.08117172869850187,0.08204862330290262,0.08263565806413857,0.08322817913155431
0.08463815981975656,0.07329522179307116,0.0716200696395131,0.07209372073970037,0.07278682408707865,0.07345066713483146,0.07402855805243445,0.07447386323735955,0.07485973343867042
0.08076117011938203,0.06829171055711611,0.06591613998127341,0.06574515010533707,0.06613010592228465,0.06652329119850187,0.0668725860252809,0.0671606170997191,0.06741573033707865
0.07581343632958802,0.06199343106273408,0.058843376931179775,0.058470308110955056,0.058599236306179775,0.05882326047518727,0.059041798338014984,0.0592374765917603,0.059386521242977525
0.07246130325374532,0.05774794446395131,0.05415990022237828,0.05321534117509363,0.053075440367509365,0.05315773496020599,0.05330129330524345,0.053423820809925096,0.05348417017790262
0.06889703300561797,0.05270602908473783,0.04836544651217228,0.04716485984316479,0.046908832221441946,0.04683385270365169,0.046904260299625467,0.04694723636470038,0.04700392819522472
0.06588962283473783,0.04870651187968165,0.04364356566011236,0.042115629389044944,0.04160631729868914,0.04139875204822097,0.041385036282771535,0.04135943352059925,0.04138229312968165
0.062075725655430715,0.04415470651919476,0.038726006554307114,0.037038967404026214,0.03640987096207865,0.03623248039559925,0.0361767029494382,0.03610263781601124,0.036092579588014984
0.05829657508192884,0.03940447975187266,0.03397120786516854,0.03238749414794007,0.031970534878277154,0.031798630617977525,0.031750168246722846,0.03173828125,0.03174468194054307
0.05677595388576779,0.03694846413352273,0.030505691128277154,0.028758302610018726,0.028254476825842697,0.028094459562265917,0.02802313758192884,0.027979247132490635,0.027981990285580523
0.054318088717228465,0.03317295031601124,0.026982568176498127,0.025487549742509365,0.025176659058988762,0.025074248010299626,0.025027614407771535,0.025013898642322098,0.024997439723782773
0.05105830846207865,0.02936545382724719,0.023656952247191013,0.02228994762406367,0.022035748771067416,0.021945224719101125,0.021958026100187267,0.021898591116573034,0.02193242333801498
0.04940144399578652,0.027092294300093633,0.021180799391385768,0.01998387025983146,0.01963823297050562,0.019620859667602995,0.01959982882724719,0.019619030898876403,0.019603486364700374
0.047102681706460675,0.024241243855337078,0.018690930770131085,0.017746371722846443,0.017599155840355804,0.01758269692181648,0.01758269692181648,0.01759366953417603,0.017564409234550563
0.04505994703885768,0.021647135416666668,0.01632176088483146,0.015425664208801497,0.015316852469569289,0.01528119147940075,0.015272962020131085,0.015269304482677902,0.015255588717228465
0.04326135299625468,0.019474558169475655,0.014598146360018726,0.013905957397003746,0.013798060042134831,0.013782515507958802,0.013766056589419476,0.013777943586142321,0.013767885358146067
0.04033623741807116,0.01709441567181648,0.012902877750468165,0.012298469686329588,0.012352418363764045,0.012319500526685394,0.012310356683052434,0.012303041608146067,0.012309442298689138
0.039743716350655434,0.015401890215355806,0.011300876345973782,0.010878430770131085,0.01085099923923221,0.010850084854868915,0.010858314314138577,0.010845512933052434,0.010845512933052434
0.03821029377340824,0.013670960615636704,0.01004725538389513,0.009742765390917603,0.009725392088014982,0.009730878394194757,0.009725392088014982,0.009722648934925094,0.009724477703651686
0.0369758748829588,0.012527980161516855,0.009024059281367042,0.008699452832397004,0.008677507607677902,0.008682993913857679,0.00867567883895131,0.00868025076076779,0.008674764454588015
0.035878613647003746,0.011154574847846443,0.008007263869382022,0.00782347261235955,0.0077996986189138575,0.007800613003277153,0.007806099309456929,0.007798784234550562,0.007803356156367041
0.03480969832631086,0.010060056764981274,0.007325133134363296,0.007144999414794007,0.007139513108614232,0.007134941186797753,0.00714225626170412,0.007135855571161049,0.007143170646067416
0.09781626726357678,0.09207393346207865,0.09318399607911985,0.09506579909878277,0.09645474894662921,0.09766905138108614,0.09865292895599251,0.09928293978230338,0.09997695751404495
0.09241134129213484,0.08552877018960674,0.08581680126404495,0.08720575111189138,0.08861390303136704,0.08965172928370786,0.09058440133426966,0.09123818615402622,0.09180876199672285
0.0872011791900749,0.07940696687734082,0.07895708977059925,0.08004977908473783,0.08102725596910113,0.0818538594335206,0.08246375380383895,0.08294746313202248,0.08335527855805243
0.08165543802668539,0.07271915964419476,0.07197942269428839,0.07283894399578651,0.07366646184456929,0.07433396242977527,0.07481492860486891,0.07517062412219101,0.07550711756788389
0.07687960849719101,0.06737824057818352,0.0661840545997191,0.06666319200608614,0.06719444932116105,0.06763701135299625,0.06800916578885768,0.06835297430945693,0.06855322448501873
0.07289289267322098,0.06198154406601124,0.060118943117977525,0.060096997893258425,0.06029450491573034,0.06057796406835206,0.06077272793773408,0.060979378803838954,0.061166827598314606
0.06827433725421349,0.0565080392673221,0.054368379857209735,0.05400354049625468,0.05421842082162921,0.054324489407771535,0.053823406776685394,0.05462257871020599,0.05476065074906367
0.06480241982677902,0.05199829558754682,0.04901374502574907,0.048502604166666664,0.0484733438670412,0.04860867275280899,0.04868822419241573,0.0487394297167603,0.04875588863529962
0.06057979283707865,0.047170346149344566,0.04404498039559925,0.043349133895131085,0.04316442825374532,0.04315345564138577,0.043136082338483143,0.04317540086610487,0.043131510416666664
0.057254176907771535,0.04269169153792135,0.039209715882490635,0.0384187734082397,0.038217608848314606,0.03820572185159176,0.038176461551966294,0.03825692737593633,0.038175547167603
0.05303977937734083,0.03823041022940075,0.03492582514044944,0.0342235779494382,0.03404435861423221,0.03403155723314607,0.03398309486189138,0.034026070926966294,0.034015098314606744
0.05030119820926966,0.03508035609784644,0.03134509597378277,0.03061541725187266,0.030867787336142323,0.03049106097846442,0.030454485603932584,0.030471858906835205,0.030449913682116105
0.04786527826544944,0.031558147530430715,0.028013079353932584,0.027295287628745318,0.027142585440074907,0.027081321687734083,0.027051147003745318,0.027095951837546817,0.027083150456460675
0.04432752516385768,0.02818041169241573,0.024682891502808987,0.02407208274812734,0.023955955933988762,0.023922123712546817,0.023963271008895132,0.023935839477996254,0.0239477264747191
0.04228844803370786,0.0251912892088015,0.021967169943820225,0.021474316772003746,0.021413053019662922,0.02138013518258427,0.021396594101123597,0.021389279026217227,0.021389279026217227
0.040515456753277154,0.02282303370786517,0.019536736306179775,0.019073143433988762,0.019010050912921347,0.01899633514747191,0.01897438992275281,0.0189981639161985,0.018986276919475655
0.03797712576076779,0.020141144370318352,0.017394333742977528,0.01703406630383895,0.017022179307116105,0.016981946395131085,0.01698560393258427,0.01698103201076779,0.016991090238764044
0.035754257373595506,0.018143214536516853,0.015479612886235955,0.015195239349250936,0.015155006437265918,0.01512117421582397,0.015115687909644194,0.01511660229400749,0.015120259831460673
0.03418425942181648,0.016274212897940076,0.01393613208099251,0.013731309983614232,0.013675532537453183,0.013679190074906367,0.013670960615636704,0.013671875,0.01366547430945693
0.03130211990870786,0.014223248771067416,0.01236887728230337,0.012198801790730338,0.012193315484550563,0.012193315484550563,0.012196973022003746,0.012201544943820225,0.012203373712546817
0.0300960469335206,0.01283521330758427,0.011083252867509363,0.010968954822097378,0.010938780138108613,0.010932379447565543,0.010925978757022472,0.010922321219569289,0.010933293831928838
0.02892380617977528,0.01159439372659176,0.009940272413389514,0.009824145599250936,0.009825974367977528,0.009794885299625468,0.009811344218164793,0.009800371605805243,0.009805857911985018
0.027346493153089887,0.010112176673689138,0.008755230278558053,0.008714082982209739,0.008725969978932584,0.008707682291666666,0.008712254213483145,0.008703110369850187,0.008709511060393258
0.02599686183286517,0.008844839946161049,0.007619564899344569,0.00759944844335206,0.007572931296816479,0.007584818293539326,0.007576588834269663,0.007590304599719101,0.007576588834269663
0.02540342638108614,0.008106017380617978,0.006980410229400749,0.006900858789794007,0.006890800561797753,0.006897201252340824,0.006895372483614232,0.006897201252340824,0.006893543714887641
0.09220194727294008,0.08756510416666667,0.08838256378745318,0.0898867260650749,0.09108365519662921,0.092041015625,0.09277618065308989,0.09325806121254682,0.09372439723782772
0.08601156513342696,0.08009275514981273,0.08059932408707865,0.08165086610486891,0.08258811007724719,0.08322726474719101,0.08370274461610487,0.08409684427668539,0.08439127604166667
0.08124122191011236,0.07437053780430712,0.07411085264513109,0.07479298338014981,0.07551351825842696,0.07596248098080524,0.07640321424391386,0.07664095417837079,0.07688692357209738
0.07609415232911985,0.0686254608497191,0.06817741251170412,0.0686474060744382,0.06918872161750936,0.06959379389044944,0.06984799274344569,0.07013053751170412,0.07026495201310862
0.07047891795411985,0.06242867801966292,0.06144571482911985,0.06170174245084269,0.061999831753277154,0.062335410814606744,0.06253748975889513,0.06268927756320225,0.0628099762991573
0.06671805506788389,0.05794362271769663,0.056482436505149815,0.05658576193820225,0.0567741251170412,0.05687836493445693,0.056986262289325844,0.05712433432818352,0.05716182408707865
0.06147680389747191,0.05199920997191011,0.05061574643024345,0.05047493123829588,0.05063494850187266,0.05067426702949438,0.05076661985018727,0.05080502399344569,0.050895548045411985
0.05776166022940075,0.047538843047752806,0.045927697799625467,0.045710074321161046,0.045773166842228465,0.04583534497893258,0.045888379272003746,0.04591215326544944,0.045954214946161046
0.05328483438670412,0.04255910580524345,0.040857436505149815,0.040576720505617975,0.04062335410814607,0.040646213717228465,0.040728508309925096,0.040739480922284646,0.04078062821863296
0.04999396506320225,0.038907969042603,0.0370206797167603,0.036681443117977525,0.03669698765215356,0.036670470505617975,0.03665126843398876,0.03667869996488764,0.0366649841994382
0.046414150280898875,0.034933140215355804,0.033301878511235956,0.03305225158005618,0.032980015215355804,0.03301201866807116,0.03299464536516854,0.033019333742977525,0.03301110428370786
0.04366459650046817,0.03169073326310862,0.02957484784644195,0.0293636250585206,0.029310590765449437,0.029311505149812733,0.029288645540730338,0.02928407361891386,0.029302361306179775
0.04020090853230337,0.028173096617509365,0.0264339375585206,0.0261897969335206,0.02613584825608614,0.026125790028089887,0.02612761879681648,0.02609652972846442,0.02610567357209738
0.03784819756554307,0.025593618328651684,0.02378405167368914,0.023592030957397005,0.02355545558286517,0.02355088366104869,0.023549969276685394,0.023538996664325844,0.023556369967228465
0.03506481156367041,0.02278462956460674,0.02113142263576779,0.020919285463483147,0.02091197038857678,0.020896425854400748,0.020933001228932584,0.020909227235486893,0.020945802610018726
0.032460644897003746,0.020216123888108613,0.018869235720973782,0.01875219452247191,0.018718362301029964,0.0187101328417603,0.018733906835205993,0.018715619147940076,0.018729334913389514
0.031117414267322098,0.018262084503745318,0.01688776480571161,0.016773466760299626,0.016733233848314606,0.016739634538857677,0.01671494616104869,0.016733233848314606,0.01670397354868914
0.02828465150983146,0.016196490227059924,0.014977615870786517,0.014907208274812733,0.014916352118445693,0.014907208274812733,0.014910865812265918,0.014916352118445693,0.014907208274812733
0.026326040203651684,0.014677697799625468,0.013641700316011236,0.013582265332397004,0.013570378335674158,0.013570378335674158,0.013564892029494381,0.013564892029494381,0.01343413506554307
0.02481181969803371,0.013061066245318352,0.012197887406367042,0.01208724689840824,0.012072616748595506,0.012054329061329588,0.01205615783005618,0.012050671523876405,0.012058900983146067
0.02286509538857678,0.011774527446161049,0.010867458157771535,0.010828139630149813,0.010834540320692884,0.010820824555243446,0.01085557116104869,0.010851913623595506,0.010851913623595506
0.021680967638108613,0.010383748829588015,0.009689731097846443,0.009660470798220975,0.009655898876404494,0.009662299566947566,0.009659556413857679,0.009662299566947566,0.009659556413857679
0.02058553517088015,0.009411758251404494,0.00869579529494382,0.008688480220037454,0.008704939138576779,0.008709511060393258,0.008710425444756554,0.00870676790730337,0.008710425444756554
0.018771396594101125,0.008200198970037454,0.007738434866573034,0.00773477732911985,0.007735691713483146,0.007726547869850187,0.007743006788389513,0.007730205407303371,0.007744835557116105
0.017529662628745318,0.007322389981273408,0.006893543714887641,0.0068843998712546815,0.006888057408707865,0.006877084796348315,0.006889886177434457,0.006877999180711611,0.006889886177434457
0.08775986803604868,0.08363965209503746,0.08429252253043071,0.0854062426849251,0.08625479137406367,0.08679793568586143,0.08724141210205992,0.08745994996488764,0.08777724133895132
0.08114795470505617,0.07687320780664794,0.07742732473080524,0.07810671231273408,0.07877512728230338,0.07917197009597378,0.07952035053838952,0.07966208011470037,0.07988427551498127
0.07598534058988764,0.0708016956343633,0.07082729839653558,0.07138415847378277,0.07187701164559925,0.07216687148876405,0.07244118679775281,0.07260760475187265,0.07276945078417603
0.07023111979166667,0.06459485457631087,0.06419984053136704,0.0646762347846442,0.0650758207514045,0.06533093398876405,0.06550923893960674,0.06563999590355805,0.06572869118679775
0.0652742421582397,0.05926307935393258,0.05858277738764045,0.05885800708099251,0.05906922986891386,0.059316113647003746,0.0594377267673221,0.05953099397237828,0.059569398115636704
0.06086325198970038,0.05414892761001873,0.05348142702481273,0.053559149695692886,0.053672533356741575,0.053733797109082396,0.0538663828417603,0.053814262933052436,0.05392490344101124
0.05646872073970038,0.04959712224953183,0.04875223109784644,0.048713826954588015,0.04881349485018727,0.048857385299625467,0.0488948750585206,0.04896619703885768,0.04895888196395131
0.05209522033005618,0.04476185773642322,0.04400749063670412,0.043974572799625467,0.04404498039559925,0.04406326808286517,0.044108072916666664,0.04414190513810862,0.04414739144428839
0.048498032244850185,0.04086658034878277,0.03971628481975655,0.0396394765332397,0.03963124707397004,0.03966873683286517,0.03968793890449438,0.03969525397940075,0.03969525397940075
0.044325696395131085,0.03638152504681648,0.03554212020131086,0.03552840443586142,0.03553754827949438,0.03554852089185393,0.03557503803838951,0.035569551732209735,0.0355777811914794
0.04120764571629214,0.03293521038155431,0.03200802463717228,0.03198516502808989,0.03200893902153558,0.031976935568820225,0.03200619586844569,0.03197327803136704,0.03200070956226592
0.03774395774812734,0.029644341058052436,0.028689723782771535,0.028589141502808987,0.02860468603698502,0.02860651480571161,0.028610172343164795,0.028619316186797753,0.02862023057116105
0.03488742099719101,0.02691764688670412,0.02614042017790262,0.026033437207397005,0.02600966321395131,0.026016978288857677,0.02601423513576779,0.026011491982677902,0.02601880705758427
0.03168067503511236,0.02359751726357678,0.022777314489700374,0.02274531103698502,0.02273342404026217,0.02270965004681648,0.02272062265917603,0.022690447975187267,0.02271787950608614
0.0293636250585206,0.021365505032771535,0.020781213424625467,0.020727264747191013,0.020730922284644196,0.020722692825374533,0.020724521594101125,0.0207071482911985,0.020719035287921347
0.027211164267322098,0.019142636645599252,0.018592177258895132,0.01848610867275281,0.01851262581928839,0.01852817035346442,0.018510797050561797,0.01852359843164794,0.018516283356741572
0.024496357092696628,0.017064240987827717,0.01659516180945693,0.01660796319054307,0.016640881027621724,0.01663539472144195,0.016636309105805245,0.01662990841526217,0.016631737183988762
0.022588951310861423,0.015291249707397004,0.014918180887172285,0.014887091818820225,0.014875204822097378,0.014875204822097378,0.014874290437734082,0.01488160551264045,0.01487703359082397
0.020868079939138577,0.013693820224719102,0.013325323326310862,0.013327152095037454,0.01332349455758427,0.013329895248127341,0.01332806647940075,0.013319837020131085,0.013327152095037454
0.019073143433988762,0.012256408005617978,0.01194277416900749,0.011950089243913858,0.011951003628277154,0.011945517322097378,0.011945517322097378,0.011951003628277154,0.011943688553370786
0.01733855629681648,0.010758646418539327,0.010488903031367042,0.01049164618445693,0.010488903031367042,0.01049164618445693,0.010488903031367042,0.010488903031367042,0.010490731800093633
0.016458004154962548,0.009817744908707866,0.009559888518258427,0.009524227528089887,0.009523313143726592,0.00952788506554307,0.00952788506554307,0.009531542602996254,0.009529713834269662
0.014794738998127341,0.008699452832397004,0.008515661575374532,0.008480000585205993,0.00848731566011236,0.008477257432116105,0.008480000585205993,0.008478171816479401,0.008478171816479401
0.014055002048220975,0.007937770657771535,0.0077082601825842695,0.0076780854985955055,0.00767717111423221,0.007682657420411985,0.00767717111423221,0.007681743036048689,0.00767717111423221
0.012638620669475655,0.006964865695224719,0.006781074438202247,0.006782903206928839,0.006781988822565543,0.0067874751287453185,0.006784731975655431,0.006788389513108614,0.006784731975655431
0.08335710732677902,0.08060755354634831,0.08128694112827715,0.08199101708801498,0.08244546611657304,0.08270698004447566,0.08372468984082397,0.0830078125,0.08315685715121723
0.07750047547986891,0.07426904113998127,0.07450220915262172,0.07507187061095505,0.07539099075374532,0.07552449087078651,0.07569548074672285,0.07579789179541198,0.07593779260299625
0.07168133339185394,0.06809146038155431,0.06828530986657304,0.06872147120786516,0.06901407420411985,0.06919329353932584,0.06932587927200375,0.06938897179307116,0.06942554716760299
0.06695213746488764,0.06285935305477527,0.06283740783005617,0.06317390127574907,0.06343084328183521,0.0634994221090824,0.06363475099485019,0.06365669621956929,0.06374081958099251
0.06112019399578652,0.056820758719569285,0.05665342638108614,0.05683630325374532,0.057036553429307114,0.05713256378745318,0.05721577276451311,0.057227659761235956,0.05726606390449438
0.05691128277153558,0.052214090297284646,0.05191782976357678,0.05199829558754682,0.05209704909878277,0.05217202861657303,0.052192145072565546,0.05222872044709738,0.05228724104634831
0.05247194668773408,0.04757724719101124,0.047222466058052436,0.04733859287219101,0.047384312090355804,0.047417229927434454,0.04745746283941948,0.0474739217579588,0.047488551907771535
0.04812039150280899,0.04302635621488764,0.0426130544826779,0.04264140039794007,0.042664260007022475,0.04267431823501873,0.04266791754447566,0.04271637991573034,0.04270449291900749
0.04419311066245318,0.03886865051498127,0.03855958860018727,0.038606222202715354,0.03869217433286517,0.038693088717228465,0.03874429424157303,0.03875343808520599,0.038773554541198504
0.040293261352996254,0.03489747922518727,0.03460304746020599,0.03464328037219101,0.03464145160346442,0.03468717082162921,0.03466431121254682,0.03470545850889513,0.034688999590355804
0.03673630617977528,0.031406359726123594,0.031073523817883895,0.031068951896067416,0.031090897120786515,0.03109912658005618,0.03110827042368914,0.031100040964419477,0.031102784117509365
0.033556991748595506,0.028203271301498127,0.02790975392088015,0.027928955992509365,0.027926212839419477,0.02793444229868914,0.02792255530196629,0.027944500526685394,0.02792255530196629
0.03076354751872659,0.025627450550093633,0.025245237886235956,0.02529461464185393,0.025310159176029964,0.025295529026217227,0.025320217404026218,0.025302844101123597,0.025318388635299626
0.02789603815543071,0.02301139688670412,0.022702334971910113,0.02272885211844569,0.02273342404026217,0.022742567883895132,0.022730680887172283,0.022741653499531837,0.022735252808988762
0.025557957338483147,0.020676059222846443,0.020444719978932584,0.020422774754213485,0.020438319288389514,0.020415459679307114,0.02043283298220974,0.02043008982911985,0.020440148057116105
0.023298513576779027,0.018438560685861423,0.018229166666666668,0.018231909819756555,0.018233738588483147,0.01823282420411985,0.018236481741573034,0.018230081051029964,0.018234652972846443
0.02084522033005618,0.0165348124414794,0.016372052024812733,0.01639948355571161,0.01636199379681648,0.016367480102996254,0.016351935568820225,0.016365651334269662,0.01634644926264045
0.01929808198735955,0.01507454061329588,0.01488800620318352,0.01490812265917603,0.014883434281367042,0.01489715004681648,0.01489897881554307,0.01490355073735955,0.014895321278089887
0.017534234550561797,0.013320751404494381,0.013201881437265918,0.013178107443820225,0.013180850596910113,0.01318359375,0.013184508134363296,0.01317902182818352,0.013182679365636704
0.015655174683988762,0.011854993270131085,0.011742523993445693,0.01172515069054307,0.011731551381086142,0.01172332192181648,0.01172972261235955,0.011721493153089887,0.011728808227996254
0.014263481683052434,0.010699211434925094,0.010618745610955056,0.010605029845505619,0.010626975070224719,0.010615088073501873,0.010626060685861423,0.010616002457865169,0.010625146301498127
0.012937624356273408,0.00956811797752809,0.009495881612827715,0.009502282303370786,0.009462049391385768,0.009472107619382022,0.009462049391385768,0.009467535697565543,0.009462049391385768
0.011702291081460673,0.008585154786985018,0.008485486891385768,0.008512918422284644,0.008505603347378278,0.008508346500468165,0.008503774578651686,0.008508346500468165,0.008503774578651686
0.010794307408707866,0.007727462254213483,0.007636023817883895,0.007620479283707865,0.007620479283707865,0.007618650514981273,0.007618650514981273,0.007618650514981273,0.007618650514981273
0.00956354605571161,0.006734440835674157,0.006656718164794007,0.006667690777153558,0.006660375702247191,0.006674091467696629,0.006661290086610487,0.006673177083333333,0.006662204470973783
0.080631327539794,0.07887296640917603,0.0793246722846442,0.07988701866807116,0.08027197448501873,0.08050239934456929,0.08060115285580524,0.08068161867977527,0.08076025573501873
0.07493928487827715,0.0727548206343633,0.0728883207514045,0.07324401626872659,0.07357685217696629,0.07367194815074907,0.0737963044241573,0.07382647910814606,0.07393803400046817
0.06900218720739701,0.06666410639044944,0.06680857911985019,0.06719993562734082,0.06734989466292135,0.06750625438904495,0.06758946336610487,0.06764706958099251,0.06767815864934457
0.06353051117743445,0.06089068352059925,0.06091354312968165,0.06113756729868914,0.06131587224953183,0.061410968223314606,0.06148137581928839,0.061494177200374533,0.06150423542837079
0.058644955524344566,0.05572898378979401,0.055663148115636704,0.055839624297752806,0.05593654904026217,0.05602981624531835,0.05606730600421348,0.05609290876638577,0.05609473753511236
0.05369630735018727,0.05071175678838951,0.050742845856741575,0.05082056852762172,0.05090103435159176,0.05091657888576779,0.05096595564138577,0.050997959094101125,0.051026305009363296
0.049350238471441946,0.04606211230102996,0.045899351884363296,0.045988047167603,0.04600724923923221,0.04607125614466292,0.04607765683520599,0.04609685890683521,0.04610966028792135
0.045116638869382025,0.042175978757022475,0.04200590326544944,0.04207722524578652,0.04209642731741573,0.042104656776685394,0.04215129037921348,0.042145804073033706,0.04215311914794007
0.04108146067415731,0.038042961434925096,0.03794786546114232,0.0380182730571161,0.03803838951310862,0.03806124912219101,0.0380639922752809,0.0380639922752809,0.03805942035346442
0.037332484784644196,0.03422723548689138,0.033999553780430715,0.034034300386235956,0.03402241338951311,0.034034300386235956,0.03404161546114232,0.03406264630149813,0.03405715999531835
0.03455915701076779,0.031139359492041198,0.030962883309925093,0.031006773759363296,0.031000373068820225,0.03102140390917603,0.031031462137172283,0.03103694844335206,0.031031462137172283
0.03145299332865169,0.02814017878043071,0.028056055419007492,0.02804782595973783,0.028075257490636704,0.028077086259363296,0.02809171640917603,0.028097202715355804,0.028103603405898875
0.027666527680243445,0.024794446395131085,0.024712151802434457,0.024727696336610486,0.024703922343164795,0.024702093574438203,0.02472038126170412,0.024708494264981274,0.024714894955524345
0.02549760797050562,0.022488369030898875,0.02238595798220974,0.022390529904026218,0.022393273057116105,0.022401502516385768,0.02239693059456929,0.0224161326661985,0.022397844978932584
0.023332345798220973,0.02040997337312734,0.02034139454588015,0.020344137698970036,0.020364254154962548,0.020365168539325844,0.020371569229868915,0.020369740461142323,0.02037705553604869
0.020879966935861423,0.01827031396301498,0.018204478288857677,0.01820630705758427,0.018199906367041198,0.018187104985955056,0.018198991982677902,0.018183447448501873,0.018196248829588015
0.01897438992275281,0.016496408298220973,0.016458004154962548,0.016474463073501873,0.016463490461142323,0.01647080553604869,0.016467147998595506,0.016473548689138577,0.016471719920411985
0.01714287804307116,0.014630149812734082,0.014506707923689138,0.014516766151685394,0.014493906542602996,0.014512194229868915,0.014495735311329588,0.01451310861423221,0.014495735311329588
0.015415605980805243,0.012966884655898877,0.012915679131554307,0.012924822975187267,0.012913850362827715,0.012929394897003746,0.01291293597846442,0.012925737359550563,0.01291293597846442
0.014019341058052434,0.011824818586142321,0.011816589126872659,0.011793729517790261,0.01180104459269663,0.011795558286516855,0.01180104459269663,0.011795558286516855,0.01180104459269663
0.012605702832397004,0.010651663448033708,0.010559310627340824,0.010562968164794007,0.01056662570224719,0.01056022501170412,0.010562968164794007,0.010558396242977528,0.010562968164794007
0.011259729049625468,0.00942821716994382,0.009406271945224719,0.00940170002340824,0.009411758251404494,0.009402614407771535,0.00941267263576779,0.009404443176498127,0.009411758251404494
0.010232875409644194,0.008458055360486891,0.008443425210674158,0.008423308754681648,0.008429709445224719,0.008421479985955056,0.008426966292134831,0.00842056560159176,0.008426966292134831
0.009083494264981274,0.007589390215355805,0.0075811607560861425,0.00758390390917603,0.00758390390917603,0.007582989524812734,0.007582989524812734,0.007582989524812734,0.007582989524812734
0.008239517497659176,0.006847824496722847,0.006835023115636704,0.006841423806179775,0.006840509421816479,0.006840509421816479,0.006839595037453183,0.006840509421816479,0.006839595037453183
0.07782508192883895,0.07771261265215355,0.07805184925093633,0.0782822741104869,0.07849715443586143,0.07859865110018727,0.07868826076779026,0.07871752106741572,0.07877329851357678
0.07304468047752809,0.07173071014747191,0.07187609726123595,0.07215407010767791,0.0723104298338015,0.07235614905196629,0.07241558403558053,0.07244758748829588,0.07247593340355805
0.06731149051966293,0.06583750292602997,0.06597923250234082,0.0662059998244382,0.06631023964185394,0.06641082192181648,0.06641356507490637,0.06645288360252809,0.06646751375234082
0.061433827832397,0.05985194288389513,0.060079624590355804,0.06022958362593633,0.06035942620552434,0.06037497073970038,0.059763247600655434,0.060457265332397,0.06048378247893258
0.05656655986657303,0.054784424742509365,0.05486580495084269,0.055041366748595506,0.05507154143258427,0.0551318908005618,0.05511726065074907,0.05512823326310862,0.055121832572565546
0.05205955933988764,0.05016221178604869,0.05015398232677903,0.050239020072565546,0.05025182145365169,0.050252735838014984,0.0502262186914794,0.05025090706928839,0.05024633514747191
0.04722429482677903,0.04528854312968165,0.04529402943586142,0.045371752106741575,0.04538455348782772,0.045376324028558054,0.04539278294709738,0.04540741309691011,0.04541015625
0.04317722963483146,0.041208560100655434,0.04117289911048689,0.041232334094101125,0.04126708069990637,0.041243306706460675,0.04127256700608614,0.04125336493445693,0.041276224543539325
0.039627589536516857,0.037642461083801496,0.03762143024344569,0.0376653206928839,0.03765709123361423,0.03768086522705993,0.03768177961142322,0.03769275222378277,0.03769183783941948
0.03561801410346442,0.033507614992977525,0.03343903616573034,0.03342897793773408,0.033452751931179775,0.03344909439372659,0.033448180009363296,0.03344543685627341,0.03344086493445693
0.03222290496254682,0.03035298893960674,0.030374019779962548,0.030403280079588015,0.030412423923220973,0.030423396535580523,0.030417910229400748,0.030434369147940076,0.03042705407303371
0.029338022296348316,0.02758331870318352,0.02758606185627341,0.02757234609082397,0.027573260475187267,0.02759886323735955,0.02759246254681648,0.027599777621722846,0.027601606390449437
0.02682895160346442,0.024937090355805245,0.02486851152855805,0.0248575389161985,0.02484930945692884,0.024859367684925093,0.0248575389161985,0.0248575389161985,0.024858453300561797
0.024110486891385768,0.02230274900514981,0.022286290086610486,0.0223054921582397,0.022071409761235956,0.022304577773876403,0.022301834620786515,0.022293605161516853,0.022053122073970036
0.02189493357911985,0.020231668422284643,0.02018412043539326,0.020193264279026218,0.020178634129213485,0.020172233438670414,0.020180462897940076,0.020169490285580523,0.020142058754681648
0.019623602820692886,0.01810023847144195,0.018051776100187267,0.01805543363764045,0.018059091175093633,0.018056348022003746,0.01805543363764045,0.018062748712546817,0.01805543363764045
0.017649446980337078,0.01638393902153558,0.01636839448735955,0.01634644926264045,0.01635559310627341,0.016332733497191013,0.01635559310627341,0.016334562265917604,0.01635559310627341
0.01592674683988764,0.014630149812734082,0.014599060744382022,0.014589002516385768,0.01459083128511236,0.014585344978932584,0.01458625936329588,0.014582601825842697,0.014588088132022472
0.014225077539794007,0.013027234023876405,0.012987915496254682,0.012991573033707866,0.012991573033707866,0.01300163126170412,0.012993401802434457,0.01300163126170412,0.012994316186797753
0.012962312734082397,0.011769041139981274,0.01174526714653558,0.011746181530898877,0.011748924683988764,0.011744352762172285,0.011747095915262172,0.011743438377808989,0.011747095915262172
0.011689489700374532,0.010492560568820225,0.010470615344101123,0.010476101650280898,0.010452327656835207,0.010447755735018726,0.010447755735018726,0.010447755735018726,0.01047152972846442
0.010334372073970038,0.009476679541198503,0.009464792544475655,0.009471193235018726,0.009482165847378278,0.009477593925561799,0.00948399461610487,0.009477593925561799,0.009484909000468165
0.00929288828417603,0.008399534761235955,0.008411421757958802,0.008416908064138577,0.008416908064138577,0.008415079295411985,0.008418736832865169,0.008415079295411985,0.008418736832865169
0.008514747191011236,0.007698201954588015,0.007700945107677903,0.007694544417134831,0.007696373185861423,0.007693630032771535,0.007695458801498127,0.007695458801498127,0.007695458801498127
0.007579331987359551,0.006801190894194757,0.006800276509831461,0.0068030196629213485,0.006806677200374532,0.006806677200374532,0.006806677200374532,0.006806677200374532,0.006806677200374532
0.07798418480805243,0.07721153002106741,0.07740537950608614,0.07757911253511236,0.07776930448267791,0.07779582162921349,0.0778589141502809,0.07787811622191011,0.0779037189840824
0.07137867216760299,0.07060876053370786,0.07083095593398876,0.07099280196629214,0.0710238910346442,0.071044921875,0.07106961025280899,0.07109704178370786,0.07110801439606741
0.06623343135533707,0.06526967023642322,0.06534373536985019,0.06547174918071161,0.06550283824906367,0.06553758485486891,0.06552844101123595,0.06556227323267791,0.06555587254213484
0.06051578593164794,0.0594148671582397,0.05948618913857678,0.0595922577247191,0.05965443586142322,0.059695583157771535,0.059680038623595506,0.05969192562031835,0.059691011235955056
0.05504868182350187,0.054073948092228465,0.05414069815074907,0.05419738998127341,0.05421202013108614,0.0542659688085206,0.054267797577247194,0.05427145511470038,0.05428334211142322
0.05034600304307116,0.049317320634363296,0.049376755617977525,0.04939504330524345,0.04938589946161049,0.049376755617977525,0.04938955699906367,0.0493831563085206,0.04938589946161049
0.04607034176029962,0.04489718662219101,0.04493467638108614,0.04502154289559925,0.04495936475889513,0.045051717579588015,0.04507274841994382,0.045064518960674156,0.045073662804307114
0.042112886235955056,0.040925100948033706,0.04084463512406367,0.04089309749531835,0.040903155723314606,0.04088669680477528,0.04089584064840824,0.04089401187968165,0.040883953651685394
0.03810513957162921,0.03694844335205993,0.036946614583333336,0.0369758748829588,0.03698501872659176,0.03697221734550562,0.036979532420411985,0.03697404611423221,0.03698318995786517
0.034688999590355804,0.03369780694054307,0.03368957748127341,0.03369963570926966,0.03369780694054307,0.03369140625,0.03370237886235955,0.03370055009363296,0.03370420763108614
0.03128017468398876,0.030325557408707866,0.03031367041198502,0.030305440952715357,0.03030909849016854,0.030302697799625467,0.030302697799625467,0.030303612183988762,0.03030726972144195
0.028383405021067416,0.027306260241104868,0.027218479342228465,0.02721756495786517,0.027235852645131085,0.027237681413857677,0.027251397179307114,0.02724591087312734,0.027252311563670414
0.02568597114934457,0.02469843603698502,0.02469386411516854,0.02470026480571161,0.024694778499531837,0.024692949730805245,0.024692949730805245,0.024701179190074907,0.02468929219335206
0.022974821512172283,0.02204763576779026,0.022062265917602995,0.022054036458333332,0.022069580992509365,0.02207689606741573,0.022072324145599252,0.02207506729868914,0.022072324145599252
0.02121646038155431,0.020191435510299626,0.020168575901217227,0.0201749765917603,0.02017771974485019,0.02018412043539326,0.020183206051029964,0.020186863588483147,0.020185034819756555
0.018815287043539325,0.017913704061329586,0.017881700608614232,0.017885358146067416,0.01787804307116105,0.017872556764981274,0.017876214302434457,0.017871642380617978,0.017874385533707866
0.01707887113764045,0.01634462049391386,0.016353764337546817,0.01635102118445693,0.016362908181179775,0.016353764337546817,0.016360165028089887,0.016353764337546817,0.016360165028089887
0.015159578359082397,0.014351262581928838,0.014481105161516855,0.014137296640917603,0.014317430360486891,0.014308286516853933,0.014313772823033708,0.014310115285580524,0.014313772823033708
0.013845608029026218,0.013116843691479401,0.013117758075842697,0.013120501228932584,0.013111357385299626,0.013115929307116105,0.013111357385299626,0.013115929307116105,0.013111357385299626
0.012176856566011236,0.011627311563670412,0.011673030781835207,0.011671202013108613,0.011677602703651686,0.01167668831928839,0.011678517088014982,0.01167668831928839,0.011678517088014982
0.011128057701310862,0.010520906484082397,0.010523649637172285,0.010528221558988764,0.01052913594335206,0.010528221558988764,0.010530050327715356,0.010528221558988764,0.010530050327715356
0.009892724426498127,0.00937061095505618,0.009371525339419476,0.009366953417602996,0.009364210264513109,0.0093660390332397,0.0093660390332397,0.0093660390332397,0.0093660390332397
0.00893353522940075,0.008459884129213483,0.008475428663389514,0.00847177112593633,0.008469027972846443,0.008470856741573034,0.008469027972846443,0.008470856741573034,0.008469027972846443
0.00812969785748106,0.007708000414299242,0.007674427961142322,0.00767717111423221,0.007674427961142322,0.007676256729868914,0.007674427961142322,0.007676256729868914,0.007674427961142322
0.007225465238764045,0.006813992275280899,0.006821307350187266,0.006815821044007491,0.00682039296582397,0.006817649812734083,0.00682039296582397,0.006817649812734083,0.00682039296582397
0.0768174303604869,0.07642973139044944,0.07659614934456929,0.07669764600889513,0.07674062207397003,0.07674062207397003,0.07675982414559925,0.07676348168305243,0.07677536867977527
0.06994857502340825,0.07015979781132958,0.07029604108146068,0.07042496927668539,0.07049446248829588,0.07052006525046817,0.07056395569990637,0.07056578446863296,0.07057218515917603
0.0650758207514045,0.0646981800093633,0.06475761499297752,0.0647859609082397,0.0648307657420412,0.06481430682350187,0.06482253628277154,0.06482070751404495,0.06482985135767791
0.05931245610955056,0.05886166461844569,0.05894487359550562,0.05898693527621723,0.05902351065074907,0.05905368533473783,0.05903631203183521,0.05906191479400749,0.0590600860252809
0.054253167427434454,0.053798718398876406,0.053836208157771535,0.05385083830758427,0.05388924245084269,0.053899300678838954,0.053905701369382025,0.053910273291198504,0.053905701369382025
0.04953677288155431,0.04889030313670412,0.04886561475889513,0.04886378599016854,0.04888664559925093,0.0488720154494382,0.048892131905430715,0.04888573121488764,0.048896703827247194
0.04510017995084269,0.044521374648876406,0.04453966233614232,0.044535090414325844,0.04452777533941948,0.04454240548923221,0.044532347261235956,0.044541491104868915,0.04453966233614232
0.04128811154026217,0.04073216584737828,0.04077879944990637,0.040792515215355804,0.04078702890917603,0.04080623098080524,0.040794343984082396,0.04079525836844569,0.04079983029026217
0.03780064957865169,0.03710297430945693,0.03714869352762172,0.037169724367977525,0.037165152446161046,0.0371770394428839,0.0371770394428839,0.037179782595973786,0.0371761250585206
0.03406264630149813,0.033446351240636704,0.03341251901919476,0.03342806355337079,0.033426234784644196,0.03342166286282772,0.03341709094101124,0.033418005325374533,0.03341891970973783
0.030651078242041198,0.030118906542602995,0.030118906542602995,0.030105190777153557,0.030111591467696628,0.0301179921582397,0.03011524900514981,0.030116163389513107,0.030116163389513107
0.02805879857209738,0.027579661165730338,0.02761166461844569,0.027601606390449437,0.02758971939372659,0.027586976240636704,0.027585147471910113,0.027579661165730338,0.02758971939372659
0.025010241104868915,0.02455122015449438,0.024557620845037452,0.024548477001404494,0.02454299069522472,0.02454481946395131,0.024546648232677902,0.024546648232677902,0.02454481946395131
0.022888869382022472,0.022326522998595506,0.022362183988764044,0.022368584679307114,0.022365841526217227,0.022374070985486893,0.02236309837312734,0.02237498536985019,0.02236492714185393
0.020334079470973782,0.01980190777153558,0.019825681764981274,0.019825681764981274,0.01983939753043071,0.019825681764981274,0.019835739992977528,0.019827510533707866,0.019835739992977528
0.018364495552434457,0.01802434456928839,0.018017029494382022,0.01802434456928839,0.018023430184925093,0.018025258953651684,0.018023430184925093,0.018027087722378276,0.018023430184925093
0.016485435685861423,0.01609590794709738,0.016094079178370788,0.016103223022003746,0.016088592872191013,0.016094993562734083,0.01608676410346442,0.016094079178370788,0.01608676410346442
0.014805711610486891,0.014382351650280898,0.014374122191011236,0.01438875234082397,0.014383266034644194,0.01438875234082397,0.01438418041900749,0.01438875234082397,0.01438418041900749
0.013329895248127341,0.012987915496254682,0.012987001111891387,0.01299705933988764,0.012994316186797753,0.012996144955524345,0.012993401802434457,0.012996144955524345,0.012993401802434457
0.011975692006086142,0.011659315016385768,0.011658400632022472,0.011664801322565543,0.01166754447565543,0.011664801322565543,0.01166754447565543,0.011664801322565543,0.01166754447565543
0.010732129272003746,0.010414837897940074,0.010407522823033708,0.010410265976123595,0.010407522823033708,0.010410265976123595,0.0104093515917603,0.010410265976123595,0.0104093515917603
0.009593720739700374,0.009316662277621722,0.009320319815074906,0.00932397735252809,0.009317576661985018,0.009323062968164793,0.009318491046348314,0.009323062968164793,0.009318491046348314
0.008648247308052434,0.008382161458333334,0.008381247073970038,0.008381247073970038,0.00838307584269663,0.008381247073970038,0.00838307584269663,0.008381247073970038,0.00838307584269663
0.007856390449438201,0.007567444990636704,0.007563787453183521,0.007561044300093633,0.0075656162219101125,0.007561044300093633,0.0075656162219101125,0.007561044300093633,0.0075656162219101125
0.0069758383075842695,0.006779245669475655,0.006783817591292135,0.006781988822565543,0.006784731975655431,0.006781074438202247,0.006784731975655431,0.006781074438202247,0.006784731975655431
0.07674610838014981,0.07659889249765918,0.07658334796348315,0.07661900895365169,0.07665009802200375,0.07666564255617977,0.07665832748127341,0.07666655694054307,0.07666655694054307
0.07021923279494383,0.06990377018960674,0.06997874970739701,0.0699796640917603,0.06999337985720974,0.07000435246956929,0.06999520862593633,0.06999429424157304,0.06999978054775281
0.06451438875234082,0.0642757344335206,0.06427116251170412,0.0642528748244382,0.06427207689606741,0.0642757344335206,0.06428396389279026,0.06429859404260299,0.0642958508895131
0.059169812148876406,0.05895584620786517,0.05897687704822097,0.059011623654026214,0.05904271272237828,0.05904271272237828,0.059059171640917604,0.05903631203183521,0.059052770950374533
0.0541324686914794,0.05392216028792135,0.053960564431179775,0.05398982473080524,0.05401176995552434,0.054006283649344566,0.0540227425678839,0.05401451310861423,0.05402640010533708
0.04914815952715356,0.048914077130149815,0.048915905898876406,0.04895065250468165,0.048957967579588015,0.048959796348314606,0.04895248127340824,0.04895522442649813,0.04895431004213483
0.04472985428370786,0.0443897033005618,0.04442719305945693,0.044465597202715354,0.0444555389747191,0.04445919651217228,0.044471997893258425,0.044462854049625467,0.04447108350889513
0.04089126872659176,0.04052551498127341,0.04055568966526217,0.04056209035580524,0.04056940543071161,0.04056849104634831,0.04058220681179775,0.040576720505617975,0.04057946365870786
0.037081943469101125,0.03674727879213483,0.0367975699321161,0.03678019662921348,0.0367975699321161,0.03679574116338951,0.03679116924157303,0.036796655547752806,0.03679208362593633
0.03356339243913858,0.033252501755617975,0.033230556530898875,0.033235128452715354,0.0332470154494382,0.03324884421816479,0.033246101065074904,0.03324975860252809,0.03324518668071161
0.03048648905664794,0.03022040320692884,0.030253321044007492,0.03024234843164794,0.030246005969101125,0.030255149812734083,0.03024966350655431,0.030250577890917604,0.030247834737827717
0.02749188026685393,0.027193790964419477,0.027233109492041198,0.02722853757022472,0.02722853757022472,0.02721939372659176,0.02722396564840824,0.027222136879681648,0.02722579441713483
0.024927032127808987,0.024671918890449437,0.024690206577715357,0.0247030079588015,0.02468929219335206,0.024692949730805245,0.024692949730805245,0.024691120962078653,0.024692949730805245
0.02254048893960674,0.022224111949906367,0.022211310568820225,0.022206738647003746,0.02220765303136704,0.02220399549391386,0.022214053721910113,0.022206738647003746,0.022214053721910113
0.02000672986891386,0.019800993387172283,0.01979916461844569,0.01980647969335206,0.019800079002808987,0.01980647969335206,0.019800993387172283,0.019805565308988762,0.019800993387172283
0.01807555009363296,0.01786432730571161,0.017858840999531837,0.01786432730571161,0.017866156074438203,0.01786249853698502,0.0178670704588015,0.01786249853698502,0.0178670704588015
0.01623763752340824,0.015980695517322098,0.01600446951076779,0.016000811973314606,0.01600629827949438,0.016005383895131085,0.016008127048220973,0.016005383895131085,0.016008127048220973
0.014598146360018726,0.014460074321161049,0.014464646242977528,0.014465560627340824,0.014469218164794007,0.014463731858614232,0.014469218164794007,0.014463731858614232,0.014469218164794007
0.013147018375468165,0.012987001111891387,0.012992487418071162,0.012991573033707866,0.012995230571161049,0.01299065864934457,0.012995230571161049,0.01299065864934457,0.012995230571161049
0.01192540086610487,0.011762640449438201,0.011752582221441947,0.011742523993445693,0.011746181530898877,0.011744352762172285,0.011746181530898877,0.011744352762172285,0.011746181530898877
0.01062240314840824,0.010434954353932584,0.010448670119382022,0.010449584503745318,0.010447755735018726,0.010448670119382022,0.010447755735018726,0.010448670119382022,0.010447755735018726
0.009620237886235955,0.00942181647940075,0.009414501404494381,0.009415415788857679,0.009416330173220975,0.009416330173220975,0.009416330173220975,0.009416330173220975,0.009416330173220975
0.008535778031367042,0.008402277914325842,0.008394962839419476,0.008398620376872659,0.008395877223782771,0.008398620376872659,0.008395877223782771,0.008398620376872659,0.008395877223782771
0.007576588834269663,0.007559215531367041,0.007556472378277153,0.0075555579939138575,0.007560129915730337,0.0075555579939138575,0.007560129915730337,0.0075555579939138575,0.007560129915730337
0.006834108731273408,0.006739012757490637,0.006734440835674157,0.006728040145131086,0.006729868913857678,0.006728040145131086,0.006729868913857678,0.006728040145131086,0.006729868913857678
0.07628800181413857,0.07622673806179775,0.07627428604868913,0.0763062895014045,0.07633006349485019,0.07634560802902622,0.07634560802902622,0.076351094335206,0.07635292310393259
0.06806494323501873,0.06945755062031835,0.06948498215121723,0.06952430067883895,0.06955356097846442,0.06955630413155431,0.06957093428136704,0.06950967052902622,0.06951881437265918
0.06400507666198502,0.06389535053838952,0.0639877033590824,0.06396027182818352,0.0639428985252809,0.06394015537219101,0.06395204236891386,0.06393649783473783,0.0639438129096442
0.05844927727059925,0.0590600860252809,0.0590600860252809,0.0590600860252809,0.05906465794709738,0.05906282917837079,0.05907288740636704,0.05907837371254682,0.059065572331460675
0.0535335469335206,0.05341467696629214,0.05344119411282772,0.05346222495318352,0.05344759480337079,0.05345765303136704,0.05345125234082397,0.05345765303136704,0.053454909878277154
0.049018316947565546,0.04882172430945693,0.04887475860252809,0.04888481683052434,0.04890127574906367,0.048907676439606744,0.04889944698033708,0.04891041959269663,0.04890401890215356
0.044698765215355804,0.04463201515683521,0.04464024461610487,0.04464938845973783,0.04464755969101124,0.04464207338483146,0.044648474075374533,0.044637501463014984,0.04464755969101124
0.040851035814606744,0.04068644662921348,0.04064987125468165,0.04065627194522472,0.040663587020131085,0.0406599294826779,0.040659015098314606,0.040657186329588015,0.040657186329588015
0.036648525280898875,0.03648576486423221,0.03646199087078652,0.036480278558052436,0.03647296348314607,0.036478449789325844,0.03647204909878277,0.036478449789325844,0.03647204909878277
0.033306450433052436,0.03320495376872659,0.033204039384363296,0.03320129623127341,0.033203125,0.03320038184691011,0.03320129623127341,0.03320129623127341,0.03320129623127341
0.03000095095973783,0.029867450842696628,0.029840019311797753,0.02984093369616105,0.02983819054307116,0.02983178985252809,0.029837276158707866,0.029835447389981274,0.02983819054307116
0.0271663594335206,0.027081321687734083,0.02707309222846442,0.027095951837546817,0.027091379915730338,0.027091379915730338,0.02709320868445693,0.027092294300093633,0.02709320868445693
0.02469843603698502,0.024525617392322098,0.02453201808286517,0.024526531776685394,0.024530189314138577,0.024528360545411985,0.02453201808286517,0.024528360545411985,0.024531103698501873
0.022200337956460675,0.022077810451779027,0.022075981683052436,0.022073238529962548,0.02208146798923221,0.022074152914325844,0.02208146798923221,0.022075981683052436,0.02208146798923221
0.01991529143258427,0.019756188553370788,0.019757102937734083,0.019747959094101125,0.0197534454002809,0.019746130325374533,0.01975161663155431,0.01974704470973783,0.019750702247191013
0.0181331563085206,0.01796856712312734,0.01797588219803371,0.017974967813670414,0.017976796582397005,0.01797588219803371,0.017978625351123597,0.01797588219803371,0.017978625351123597
0.016099565484550563,0.015994411282771535,0.015988010592228465,0.01598892497659176,0.015988010592228465,0.015990753745318352,0.015988010592228465,0.015990753745318352,0.015988010592228465
0.014720673864700374,0.01466398203417603,0.014645694346910113,0.014653923806179775,0.014646608731273408,0.014650266268726592,0.014645694346910113,0.014650266268726592,0.014645694346910113
0.013108614232209739,0.013056494323501873,0.013025405255149813,0.013029977176966292,0.013027234023876405,0.013027234023876405,0.013027234023876405,0.01305283678604869,0.013027234023876405
0.011659315016385768,0.011579763576779025,0.011586164267322098,0.01158342111423221,0.011584335498595506,0.01158342111423221,0.011584335498595506,0.01158342111423221,0.011584335498595506
0.010562053780430711,0.010481587956460673,0.010477016034644194,0.010476101650280898,0.01047793041900749,0.010476101650280898,0.01047793041900749,0.010476101650280898,0.01047793041900749
0.009385241104868915,0.009334035580524345,0.00932854927434457,0.009326720505617978,0.009327634889981274,0.009326720505617978,0.009327634889981274,0.009326720505617978,0.009327634889981274
0.008517490344101123,0.008455312207397004,0.008458055360486891,0.008455312207397004,0.0084562265917603,0.008455312207397004,0.0084562265917603,0.008455312207397004,0.0084562265917603
0.007592133368445693,0.0075354415379213485,0.007545499765917603,0.007545499765917603,0.007546414150280899,0.007545499765917603,0.007546414150280899,0.007545499765917603,0.007546414150280899
0.006941091701779026,0.006910917017790262,0.006906345095973783,0.006904516327247191,0.006904516327247191,0.006904516327247191,0.006904516327247191,0.006904516327247191,0.006904516327247191
