0.0,0.25,0.5,0.75,1.0,1.25,1.5,1.75,2.0,2.25,2.5,2.75,3.0,3.25,3.5,3.75,4.0,4.25,4.5,4.75,5.0,5.25,5.5,5.75,6.0,6.25,6.5,6.75,7.0,7.25,7.5,7.75
0.09212748209635417,0.14175931490384616,0.1654730902777778,0.18448893229166666,0.19260904947916666,0.1986623751062925,0.2011176215277778,0.20339857601950354,0.20470585383421985
0.0919375949435764,0.14096429286858975,0.1646207396747076,0.18248103215144232,0.19098470052083333,0.1966179049744898,0.19936116536458334,0.20196363661024305,0.2029605441623264
0.09121966280068729,0.14146008613782052,0.16513614766081872,0.18370956029647437,0.19205240885416666,0.1973719175170068,0.1999172634548611,0.2025417751736111,0.20367734652039007
0.09213087293836805,0.14114207732371795,0.16458647432383042,0.18326353415464744,0.19135904947916665,0.19719420971513604,0.1993628607855903,0.2022162543402778,0.20294698079427084
0.09031708386479592,0.14015398121843434,0.16140782147988506,0.18289732321714744,0.1911572265625,0.19323893229166667,0.19922892252604166,0.1977588887117347,0.19895467952806123
0.0894771280513468,0.1396730981691919,0.16342430783991227,0.18242312700320512,0.19071126302083333,0.19637044270833334,0.19888814290364584,0.2011040581597222,0.20237901475694445
0.08913187868265993,0.139990234375,0.16436660498903508,0.18297400841346154,0.1912841796875,0.19654150722789115,0.19965955946180555,0.20151774088541666,0.20332166883680555
0.0893538247053872,0.1398062657828283,0.1636284722222222,0.18229792668269232,0.19084309895833335,0.19636047778486396,0.19930860731336805,0.20167371961805555,0.2028266059027778
0.08730726588283828,0.13989997632575757,0.16404251187865498,0.18269700270432693,0.19134602864583333,0.19676903964710885,0.1998138427734375,0.2018585205078125,0.2033657497829861
0.08792236328125,0.13832662563131312,0.16179227280890804,0.18045216686320756,0.18834252450980393,0.19428113042091838,0.19681388180272108,0.1994476318359375,0.20070902506510416
0.08828694661458333,0.13899862886679293,0.16317017315423976,0.18155611478365385,0.19031087239583333,0.19626082855017007,0.1992221408420139,0.2013634575737847,0.20265706380208334
0.08734781901041666,0.13848322088068182,0.16246436108117815,0.18123528896233973,0.19013509114583332,0.19562141262755103,0.1991153293185764,0.2011684841579861,0.20268758138020834
0.08759521484375,0.1383660827020202,0.16196204876077586,0.1806932365369497,0.1893621706495098,0.1946282419217687,0.19769743835034015,0.1997833251953125,0.20120408799913195
0.08761962890625,0.13621103467039802,0.16077017086988304,0.17928213443396226,0.1880521088643791,0.19373472045068027,0.19643023224914966,0.1988152398003472,0.199981689453125
0.08681114047181372,0.13555908203125,0.159276240289548,0.1717078006628788,0.18702607996323528,0.19311848958333333,0.1962292729591837,0.19864410607993196,0.19970194498697916
0.0855298088592233,0.13399849685968138,0.1585341631355932,0.17665382667824073,0.18541602839052287,0.19133138020833335,0.19419975021258504,0.1965066299957483,0.19784192974064627
0.08549583459749191,0.13482067631740197,0.15890382238700565,0.1777190202437107,0.1862154692606209,0.19195149739583334,0.1949670493197279,0.1971012037627551,0.19857767325680273
0.08557800490493528,0.13448079427083334,0.15888037385240114,0.17784492924528303,0.18641971762663398,0.19222981770833333,0.19531914328231292,0.197531356292517,0.19878029336734693
0.08593031939338236,0.1340918447457108,0.15772174037782485,0.17637803819444445,0.18485044821714744,0.19006673177083333,0.19315266927083333,0.19526765784438777,0.19650995163690477
0.08441005608974358,0.1334269795440821,0.1572403557556497,0.17538188416280864,0.18389736077724358,0.189619140625,0.19259114583333334,0.19472623033588435,0.19620103900935373
0.0846401116786859,0.13399131625306374,0.15815760725635594,0.17645339023919754,0.18465325771233973,0.19028971354166666,0.19338704427083334,0.19566459396258504,0.19686038477891157
0.0843036358173077,0.1332465277777778,0.1569920771539548,0.17519953221450618,0.18405699118589744,0.1896630859375,0.19294270833333332,0.1954187925170068,0.1966660687712585
0.08377821180555556,0.1335760378370098,0.15742932335805085,0.17628761574074073,0.18518848908253205,0.19109375,0.19383603050595238,0.19619771736819727,0.19746990593112246
0.08246348638954402,0.1326072803442029,0.1577203610522599,0.17659806616512347,0.185095294628268,0.19073567708333333,0.19374302455357142,0.1961130155187075,0.19749647906037415
0.08171941929517133,0.13265327785326086,0.15677966101694915,0.1758445457175926,0.18462978265224358,0.19062337239583332,0.19365234375,0.19565296821853742,0.19721081792091838
0.08253565374410378,0.13335975241545894,0.15819484904661016,0.1773105837264151,0.18633195465686275,0.192041015625,0.19533076902636054,0.19753966039540816,0.1986965603298611
0.08330775669642858,0.13091169084821427,0.15522325303819445,0.17349054783950618,0.18225410657051283,0.18780158547794118,0.19098795572916666,0.19319010416666665,0.1945003587372449
0.08209036581171383,0.12957938058035715,0.15443115234375,0.17324339313271606,0.18201309595352563,0.18826593137254902,0.19132975260416665,0.19389249840561223,0.19498199670493196
0.08057760536123854,0.12885925579518778,0.1530308124146175,0.17138227982954546,0.17979651876965408,0.1861963209763072,0.1888451669730392,0.19149739583333333,0.1926904296875
0.08027896239487768,0.12889249559859156,0.1536004738729508,0.17214577414772728,0.18120242387820512,0.18704522824754902,0.19012532552083333,0.19277669270833334,0.19367493090986396
0.08041335172974007,0.12905389694940475,0.1541775173611111,0.17253196022727274,0.1816281049679487,0.18722394556781047,0.19028645833333332,0.19230305989583332,0.19387090773809523
0.08018862289755352,0.12854863556338028,0.15343904755806012,0.17166637073863636,0.18035850284984276,0.18582452512254902,0.18913411458333335,0.19114583333333332,0.19294921875
0.07945297703598485,0.12785403829225353,0.15247849427937157,0.17148881392045454,0.1804245283018868,0.18671013327205882,0.18966471354166667,0.1919140625,0.19340657552083335
0.07978620150038226,0.12828157093603287,0.1522703744023224,0.17097981770833334,0.17963836477987422,0.1856011284722222,0.1886377272263072,0.19119140625,0.19232096354166667
0.07862574488551051,0.1272912540346244,0.15199554943647542,0.1702814275568182,0.17946178508254718,0.1852756076388889,0.18826593137254902,0.190556640625,0.19192057291666667
0.07845125398836336,0.12714454041960094,0.15273197361680327,0.17159978693181818,0.1808346479366987,0.18669098498774508,0.1898876953125,0.19219563802083334,0.1935107421875
0.07896299619932433,0.1270130298755787,0.15220100110997267,0.1708984375,0.17972895784198112,0.18569846558415032,0.18859304789624182,0.19087727864583334,0.19208170572916666
0.0773054364859882,0.12626478407118055,0.1513791944159836,0.169921875,0.17859731230345913,0.18444354717548078,0.18734202665441177,0.18952962239583335,0.190859375
0.07760184151785714,0.1263416431568287,0.1509736274760929,0.16978722774621213,0.17851900304638366,0.1843418219150641,0.18733085682189543,0.19000325520833333,0.1913818359375
0.07716860250737463,0.12421964183789955,0.1494639406922043,0.16780308314732142,0.17700496720679013,0.18244034204727563,0.18580218545751634,0.18760212418300654,0.1892297283496732
0.07645813345211988,0.1227026587134009,0.14771282862103174,0.16619582403273808,0.17526734905478394,0.1810600085136218,0.18441381209935898,0.18656971252042484,0.1880441304125817
0.07605908488669591,0.12294130067567567,0.14755523520171956,0.16575720714546785,0.1750563633294753,0.18062493739983973,0.18379720052083334,0.18599685968137256,0.18760371987336602
0.07547412817028985,0.12271915470157657,0.14723100611772486,0.165924072265625,0.1752387152777778,0.18119146885016027,0.18415245643028846,0.18663832720588236,0.18783669066584968
0.07491118332435345,0.12274334881756757,0.14765857514880953,0.16589500790550596,0.17498854648919754,0.1806969275841346,0.18384258563701922,0.18641971762663398,0.18776009752859477
0.0749280206088362,0.1221703881615991,0.1462944878472222,0.16470497532894737,0.17421242042824073,0.17993778252751572,0.18328700921474358,0.18534581801470587,0.18697182649101307
0.07406016292735043,0.12125761014921171,0.1463939525462963,0.16488772386695907,0.17420337818287038,0.17992856967374213,0.18316963391426283,0.1853569878472222,0.18674842984068626
0.0739552988170904,0.12063042534722222,0.14580103959986773,0.16439087627923976,0.17409788532021606,0.17988250540487422,0.18318528395432693,0.1853649662990196,0.18670215482026145
0.07313071713060224,0.1199609375,0.14555689897486773,0.1641338861476608,0.17361713927469136,0.17935276631289307,0.18290358323317307,0.18496312850560898,0.18633833741830066
0.07352632856638418,0.12105360243055556,0.14643528852513227,0.165388854623538,0.17458315248842593,0.18056272110849056,0.18364696013621795,0.18598249846813725,0.18726862489787582
0.0728414412640056,0.12059787326388889,0.14617047991071427,0.1649691040752924,0.1741943359375,0.1800805817610063,0.1835045447716346,0.18589313980800654,0.18754787071078433
0.0707008754657859,0.12082356770833333,0.1455349392361111,0.16443513569078946,0.1735252097800926,0.1794894236438679,0.1824512970753205,0.1850522109885621,0.18616281147875818
0.07220933702256944,0.11959999486019737,0.14462916056315103,0.16320443850511696,0.17235884232954546,0.1779677672955975,0.1814293494591346,0.18356870993589744,0.1852756076388889
0.07230902777777778,0.11733652090097403,0.1430333455403646,0.16134608477011494,0.1713852391098485,0.17713553950471697,0.1806797125400641,0.18271891276041666,0.1842526166866987
0.07148650956284153,0.11718855688582251,0.1426518758138021,0.16144991469109196,0.17102864583333333,0.17705922067901234,0.18024487765330188,0.18257649739583334,0.18395213591746795
0.07098555434596994,0.11658824573863637,0.14164413060897435,0.16020535874640804,0.16956583658854166,0.17527036313657407,0.17888598172169812,0.18103871855345913,0.18241217197516027
0.07085547942281421,0.11600122696314102,0.14115960536858974,0.15984335713002873,0.16909327651515152,0.17504581404320987,0.1786356991941824,0.1811085236378205,0.18267196264022437
0.0702734639651084,0.11667596726190477,0.14187825520833333,0.16030638245330459,0.16978574810606062,0.1756124614197531,0.17920075422562892,0.18142152443910256,0.18299122345753205
0.06952954364079302,0.11576438969017094,0.14072891626602563,0.1588624426200565,0.16852097284226192,0.17446409625771606,0.1777988649764151,0.18026176788522014,0.1814888196113782
0.06869135458002645,0.11508204794337606,0.1408203125,0.15856588762358756,0.16821725027901785,0.1742621527777778,0.17731519015330188,0.17982722828223272,0.18119146885016027
0.06887672061011904,0.11435567477584388,0.13951403685290403,0.15828450520833334,0.16792079380580358,0.1735131534529321,0.17718006829795596,0.1796076552672956,0.18109443860176283
0.06838756971784776,0.11489111745459402,0.13977667297979798,0.15788450079449154,0.16732352120535715,0.17357494212962962,0.17694360505110063,0.17966600334119498,0.18107096354166666
0.06751441955566406,0.1137262658227848,0.13923413825757575,0.1572941494526836,0.16674659365699404,0.17251568418560606,0.17638708043981483,0.1788552722091195,0.18054429540094338
0.067062338501292,0.11414861880274262,0.13966200086805555,0.1586224399717514,0.1678408668154762,0.17385073061342593,0.17700496720679013,0.1792391411163522,0.18041685092374213
0.06704088945413436,0.11331936478111815,0.13927359532828282,0.15804450256002825,0.16762143089657738,0.17394115306712962,0.17729522897012578,0.1796921064268868,0.1811241736778846
0.06535940459280302,0.11345225145042194,0.13689972986629353,0.1575396694032486,0.16729300362723215,0.1735161675347222,0.17683015046296297,0.17909480640723272,0.18065024321933962
0.06720301901647287,0.11114527070473251,0.13605313277363185,0.15431857638888888,0.1641067594115497,0.1703420928030303,0.17385073061342593,0.17613389756944445,0.1777435878537736
0.06564090330788803,0.10990145961934156,0.13542983111213236,0.15305082394125682,0.1627954943426724,0.16864013671875,0.17212209990530303,0.1741672092013889,0.17594401041666666
0.06560052381520357,0.11001298064557613,0.1352862189797794,0.15391031901041666,0.16347998903508773,0.1695208925189394,0.17308967496141975,0.1758204330632716,0.17737046727594338
0.06443976407027363,0.10856020547510163,0.1340918447457108,0.15222234673838797,0.16190171515804597,0.16820562453497023,0.17171519886363637,0.17418830777391975,0.1755762924382716
0.06517814867424243,0.10932637036331301,0.13475844439338236,0.15403238932291666,0.16404965049342105,0.17037908380681818,0.1744188850308642,0.1766824604552469,0.17838541666666666
0.06430858403296019,0.10982811696244855,0.13532331878063725,0.15378824869791666,0.1635842128106725,0.1700210108901515,0.17385374469521606,0.17609019338348766,0.1778142197327044
0.06336466471354167,0.10853142466971545,0.13437667547487744,0.1523957799692623,0.16219496452945403,0.16811697823660715,0.1718350497159091,0.17435106819058643,0.1758279682677469
0.062199247056159424,0.10704536897590361,0.13320144952512256,0.15199821764002733,0.1616926522090517,0.167510986328125,0.17076822916666667,0.17319366078317902,0.1749388141396605
0.06330123602175246,0.10829224625254065,0.13367417279411764,0.1521423006318306,0.16184278466235633,0.16823904854910715,0.17168708570075758,0.17408733603395063,0.17574658805941357
0.06225350052838164,0.10837980829568274,0.13429888556985295,0.15266526852800547,0.16250505118534483,0.16849626813616073,0.1717462713068182,0.1744309413580247,0.17615801022376543
0.061450776599702384,0.10695908634538152,0.13297408099335747,0.151580643784153,0.16113140939295978,0.16760689871651785,0.1711544152462121,0.1736231674382716,0.17536229263117284
0.06075580858451537,0.1062379867311508,0.1322074558423913,0.15116974043715847,0.16131381330818967,0.16722324916294642,0.1708392518939394,0.17332504734848486,0.17481825086805555
0.060983211436170214,0.10587855747767858,0.1319126000150966,0.1506859564012097,0.16059542250359196,0.16662888299851192,0.17008611505681817,0.17250088778409092,0.1740059558256173
0.06149321056547619,0.10385912518168605,0.1289853378080986,0.14688740079365079,0.1569534560381356,0.1629902800621345,0.16666521344866073,0.16911533900669642,0.17102272727272727
0.0605193661971831,0.10372002180232558,0.1299862816220238,0.14789367352843916,0.157618290960452,0.1637812385782164,0.16715494791666666,0.16978381928943453,0.17121360085227272
0.059145451688218394,0.1025605768079502,0.12836982834507044,0.14674530836640212,0.1567093154131356,0.16268189190423976,0.16644432431175596,0.16888282412574404,0.17060102982954545
0.059529622395833336,0.10249696928879311,0.12769242407570422,0.14523396164021163,0.1552029079861111,0.16128434806034483,0.16488486842105263,0.1675356910342262,0.1692563011532738
0.05856365047089041,0.10140436345880682,0.1274184822476526,0.14535796957671956,0.15572509765625,0.16224968570402298,0.1659884982638889,0.1685791015625,0.1702340790719697
0.05794050886824324,0.1013803193063447,0.12776234228286384,0.145751953125,0.1559475368923611,0.16225389502514367,0.16568582099780702,0.16835675920758927,0.16981288364955358
0.05776565139358108,0.10121663411458333,0.12754571046068075,0.14641332878637567,0.1560153537326389,0.16256767406798245,0.16617257254464285,0.16872732979910715,0.17063802083333332
0.05689019097222222,0.10104740027225378,0.12915155319940477,0.14575582837301587,0.15576036241319444,0.16193819594109196,0.16568011010599415,0.16813151041666666,0.16976799242424243
0.05712076822916667,0.10050548206676137,0.12647275571469907,0.14470545450846353,0.15486924913194444,0.1608788501257184,0.1649434050621345,0.16792805989583334,0.1698049834280303
0.056166799444901314,0.10095492276278409,0.12712266710069445,0.14559048445767195,0.15574951171875,0.16196906429597702,0.16575149625365498,0.16831461588541666,0.1700787168560606
0.05571086941721133,0.10061090642755682,0.12663325557002314,0.14480209350585938,0.1552056206597222,0.16178666038074713,0.16544310809576024,0.16791207449776785,0.16974135890151515
0.05527501260080645,0.09932683023174158,0.12520458080150462,0.14432779947916666,0.15461561414930555,0.16099530801005746,0.16483347039473684,0.167694091796875,0.169464111328125
0.05491116431451613,0.09945758719569288,0.1253085666232639,0.14355087280273438,0.15320909288194445,0.15963289107399425,0.16349283854166666,0.16585286458333334,0.16766212100074404
0.055863813920454544,0.09680399353250915,0.12243542370495496,0.14076898036858973,0.1482603011592742,0.156934145480226,0.16066698096264367,0.1634856999269006,0.16523751599049707
0.05505764868951613,0.09637274258378623,0.12151494756475226,0.1404509715544872,0.15059407552083334,0.15666655632062146,0.16046773976293102,0.16323584841008773,0.1649248446637427
0.05409054011735232,0.09583934839221014,0.12142903645833333,0.1399050981570513,0.15026922173838797,0.1570844919668079,0.16105844782686782,0.1638526247258772,0.1656741187686012
0.05431947485403397,0.0958977298460145,0.12158093151745496,0.1394647155145202,0.14976714759744625,0.15590549045138888,0.15970444953304597,0.16212901849856323,0.163818359375
0.05368125163784067,0.09582342617753623,0.12156553526182433,0.13988256209935898,0.15031712029569894,0.15681000617937854,0.16066136853448276,0.16319444444444445,0.16500051398026316
0.05251334233539095,0.09495845234094982,0.12122461817286036,0.13992093789457072,0.1500572286626344,0.15609266493055557,0.15981108566810345,0.16238578708692528,0.16401538514254385
0.051722301136363634,0.09428330008865249,0.12044487847222222,0.13874585700757575,0.14951644405241934,0.15598008897569443,0.15992894665948276,0.16240823679956898,0.16431806240862573
0.051445037964357426,0.09441749085771277,0.1201953125,0.1388260041824495,0.14902685021841397,0.15577799479166668,0.16002295483117815,0.16262992771192528,0.1642623812134503
0.05112967424525948,0.09356732740469859,0.12006184895833333,0.13928592566287878,0.14980652511760753,0.1566169006002825,0.1607245083512931,0.16303739491959066,0.16482490405701755
0.050735715835813495,0.09401924728501773,0.11991861979166667,0.13765037119092038,0.1482721144153226,0.1548529730902778,0.15886106329449154,0.16136151894755746,0.16317017315423976
0.04998420266544118,0.09341848273026315,0.11926590768914473,0.13760160195707072,0.14812379242271506,0.15474039713541668,0.15869140625,0.16145833333333334,0.16349426626461988
0.04985989278752437,0.09245808919270833,0.1184778046189693,0.13666652091106965,0.14689515128968253,0.15355902777777777,0.15731208068502825,0.16010714125359196,0.1619410021551724
0.04961306549781977,0.09291820860745614,0.11917810272752193,0.13781920475746268,0.14792296706989247,0.15443522135416668,0.158397609904661,0.1611328125,0.16268605199353448
0.050017233455882354,0.08962784332482993,0.11513004139957266,0.13287029174214976,0.14301427205403647,0.1495361328125,0.1532660590277778,0.1560085720486111,0.1576113943326271
0.05010052849264706,0.08887705176767677,0.11384576081223628,0.13169794497282608,0.14217623197115384,0.14884833879368278,0.15290140454234974,0.15558403862847223,0.1574320820091808
0.048966097192289275,0.0894458912037037,0.11439997033227849,0.13297526041666666,0.14365259806315103,0.15012647284836064,0.15433756510416666,0.157080353990113,0.1589700300141243
0.048642578125,0.08887129761153198,0.11457602998130342,0.1325730770682367,0.14251302083333334,0.1492408014112903,0.15330268012152778,0.15624862067443504,0.1581203654661017
0.04798213865348399,0.08816243489583334,0.1135593848892405,0.1314848400297619,0.1416716746794872,0.14793500950727514,0.15169137423155737,0.1541042751736111,0.1558498806423611
0.04714084201388889,0.08741201268564357,0.11288052973364979,0.131314632397343,0.14174429086538462,0.14843093707997312,0.15237043203551912,0.15516221788194445,0.15715483757062146
0.04667467948717949,0.08653668172998366,0.1119049072265625,0.13047921316964287,0.14107572115384615,0.14740280877976192,0.15143656079234974,0.15416259765625,0.1561916775173611
0.045705925179211467,0.08587287454044118,0.11090715824331275,0.12931085864143194,0.13951896898674243,0.14594700727513227,0.14987609206989247,0.15246782146516394,0.15431993272569444
0.045585604978718636,0.08648137762995049,0.1123992919921875,0.13107445126488096,0.14136368189102563,0.1480712890625,0.15181677979849728,0.15468614366319444,0.15671069473870056
0.04546047197020609,0.0865438623366013,0.1121490478515625,0.1300990513392857,0.14048227163461538,0.14707470444775134,0.1513151575307377,0.15406494140625,0.15599229600694445
0.04456808525219298,0.0855345494538835,0.11091117701903293,0.12939336867559523,0.14042718349358974,0.1469403625165344,0.15099363900273224,0.15351969401041668,0.15541720920138888
0.0438845935880829,0.08469488681891026,0.10995671778549383,0.12817726672535212,0.13895300662878787,0.14524968465169272,0.14963326402889784,0.15235709101775957,0.15445421006944443
0.043586652303479384,0.08520112762944984,0.11163154256687242,0.12999790736607142,0.14042154947916666,0.14730334408068782,0.15122674101142472,0.1538846375512295,0.1558349609375
0.04504610967974291,0.08291338074882075,0.10758953783885543,0.12523509837962962,0.1359608208955224,0.1423427483974359,0.14637199280753968,0.14899009786626344,0.15070433257728494
0.04383399449481865,0.08207079926012462,0.10748560648845382,0.12583753797743055,0.13689972986629353,0.14347457885742188,0.1477580398478836,0.15046675487231181,0.15264392289959017
0.04232177734375,0.0810275607638889,0.10586111886160714,0.1239431720890411,0.13447122012867646,0.14114583333333333,0.1454018890542328,0.14846900201612903,0.1503289335517473
0.04260664917403199,0.0806078498746142,0.10622636098710317,0.12474694099600457,0.13517252604166666,0.1415577423878205,0.14545313517252603,0.148214027364418,0.15010185651881722
0.04290100200930626,0.08095446928047839,0.10614013671875,0.12420514947203197,0.13463039024203433,0.14095177283653845,0.1449305216471354,0.1476792431382275,0.14971595682123656
0.04133595983966503,0.07950698390151516,0.104541015625,0.1228346266188063,0.13334088164251207,0.14007260101010102,0.14429092407226562,0.14681635458002645,0.1486987042170699
0.041568048286124794,0.07960316051136364,0.10474111519607843,0.12273345122466216,0.13378188189338236,0.14059910629734848,0.14478937784830728,0.14767149264219576,0.1497080813172043
0.040450636089513554,0.07873718445007508,0.1038619640261628,0.12194604272240991,0.13257543591485507,0.13950417258522727,0.14369328816731772,0.1467336826223545,0.1489428448420699
0.03986017958922956,0.07801310221354167,0.10353171178536821,0.12145724826388889,0.13206120735205315,0.13896040482954544,0.14308293660481772,0.14582945808531747,0.14767095094086022
0.03953358824823944,0.07879730316253754,0.10403134841327519,0.12169640343468469,0.1323690368357488,0.13896780303030304,0.14316940307617188,0.14609039145171956,0.14815266927083334
0.03864999940271407,0.07779802594866071,0.10346547208091085,0.1218602635838964,0.13252707955917875,0.1393364800347222,0.14391454060872397,0.14680472883597884,0.14890084215389784
0.03854584766819572,0.07768903459821429,0.10391779463420543,0.12241562851914414,0.13368973077512256,0.1407752403846154,0.14529927571614584,0.1482261739751344,0.15016617313508066
0.038112450509049774,0.07667300575657894,0.10313427355862403,0.12188995636261261,0.1330059254227053,0.13996286103219696,0.14409255981445312,0.14694940476190477,0.1488877163138441
0.03981219597582547,0.07506762975933907,0.09941643989934457,0.1175584669237013,0.12788957049589203,0.13455978094362744,0.1388531309185606,0.14174178685897437,0.14381281534830728
0.039002595124421294,0.07414919426638177,0.09833622685185185,0.11587811331463675,0.1265631781684028,0.133056640625,0.1376632536300505,0.14081906049679488,0.14293289184570312
0.038206528172348486,0.07378402666488604,0.09818974247685185,0.11608156383547008,0.12687852647569445,0.13398174211090685,0.1383660827020202,0.14164413060897435,0.14365259806315103
0.03787573570627803,0.07366426112288135,0.09884440104166667,0.11660409902597403,0.12732498734085648,0.13366876132246377,0.13781191697761194,0.14052389125631312,0.1425555889423077
0.03711152601872247,0.07306301426820729,0.09759543841575091,0.11526567508012821,0.12592796043113427,0.13302125792572464,0.13740258667599503,0.14064127604166668,0.14269456129807692
0.0366844287817029,0.07248806423611111,0.09735308636675824,0.11517281817574786,0.1255775734230324,0.13264738073671498,0.13716451920087064,0.1400393091066919,0.14182567107371793
0.035956488715277776,0.07183989217458678,0.09674514549365942,0.11481391059027778,0.12562730577256945,0.13265091900664253,0.13730906016791045,0.1401095920138889,0.14200220352564102
0.03524103523797071,0.07135631887052342,0.09611710258152174,0.11410432324630802,0.125,0.13172625113224637,0.136464892335199,0.13983709161931818,0.1418582231570513
0.034384300595238095,0.07102824560280055,0.09538547967069892,0.11157328287760417,0.12422298623002283,0.1292782738095238,0.13584300178793532,0.1411220452724359,0.1410497029622396
0.03388730941280242,0.07044019414803523,0.09589301215277778,0.11418982397151899,0.12534447238869864,0.131981006567029,0.13636286341728857,0.1391293304135101,0.14102689302884616
0.03337137535135582,0.07018215934112466,0.09529359879032258,0.11300517536919831,0.1242486265696347,0.13114951313405798,0.13593409903606965,0.13879024621212122,0.14101312099358973
0.033055743520341206,0.06926822916666667,0.09452879984318996,0.11319059862869198,0.12457526220034247,0.13175573671497584,0.1359073771766169,0.13866570983270202,0.1410018529647436
0.03306899240365613,0.069248046875,0.09443134280806738,0.11273322125527427,0.1240657998002283,0.13105585007440476,0.13573975824004975,0.13880380958017677,0.14105443709935897
0.03466258824035812,0.06710776001291989,0.09010449883078231,0.10702183734939759,0.11760074235660173,0.1245083743578767,0.12896786644345237,0.13223576200181159,0.13423186657475492
0.03406542304421769,0.06713425589470284,0.09114835024699312,0.10826346544715447,0.11939344618055556,0.12627043547453703,0.13078729538690476,0.13373760148590685,0.13569724619092038
0.033676698983433735,0.06615651836832061,0.08937766335227272,0.10675048828125,0.11729741612554112,0.12415052440068493,0.1288271621919014,0.1317970165307971,0.13411099303002452
0.032351762820512824,0.06505949933427319,0.08893048321759259,0.1060791015625,0.11751513460497835,0.12482274721746575,0.12969680059523808,0.13290449501811594,0.13498223996629902
0.03226349659455128,0.06519479462594698,0.08922230113636363,0.10675436352926587,0.117919921875,0.1249464897260274,0.1295107886904762,0.1326355865036232,0.13504447189031862
0.03163233343160377,0.06495976268796992,0.08838216145833333,0.10692003038194445,0.11795739960252193,0.1250983344184028,0.12981887090773808,0.13309084390096618,0.13534007352941177
0.030460168087121212,0.06354890046296297,0.08747639973958334,0.10564410497271826,0.11762188007305195,0.12492865296803653,0.1297270275297619,0.13289859790157005,0.13499540441176472
0.03007671987410072,0.0635573398919753,0.08764973958333333,0.10580589657738096,0.11714628145292208,0.12413714683219178,0.12864491637323944,0.13183357865338163,0.13410979626225492
0.029460785666961132,0.06242628604317633,0.08593031939338236,0.10371623667635659,0.11538983206463675,0.12253000070382883,0.12744599105046947,0.1286896181778169,0.1330625377415459
0.02905499493634259,0.06218273512983092,0.08587287454044118,0.10368595566860465,0.1147304437099359,0.12236943975225226,0.12725342943075119,0.13052804129464285,0.1326414836201691
0.028592880458047944,0.06222519436896135,0.08641062219158496,0.10462335324754903,0.11598349025106838,0.1234281357020548,0.12824374633215962,0.131981006567029,0.1341863893995098
0.027999962984253064,0.06172132606414868,0.08563410194174757,0.10366040606831395,0.11510291466346154,0.12223197318412163,0.12718809602406103,0.13025367373511904,0.1325129264794686
0.027818783309108527,0.06126890791223404,0.08507629197006472,0.10264850484913793,0.11410535337552742,0.12132029490427929,0.12620600947627314,0.12953985305059523,0.1318076313405797
0.03004300608572282,0.059976644449300696,0.08259323408018868,0.1001186870903558,0.11080467946244855,0.11792732007575757,0.12257618947072071,0.12569738317418983,0.12817612052523475
0.02988368443080357,0.05922683189655172,0.08141291252920561,0.09866898148148148,0.11047714924125514,0.11793062979714912,0.12285002287443694,0.12619809751157407,0.12851310335974178
0.02901995623553241,0.05857312624857306,0.08124834225501543,0.09820421006944445,0.10938988662347561,0.11650052421536797,0.12109917534722223,0.12462542808219178,0.1269026921948357
0.028476962457337884,0.05785088066582207,0.0804603879969419,0.09745503519917582,0.10854829617632114,0.11593862680288461,0.12061740451388889,0.1241115064925799,0.12632242838541666
0.02778347439236111,0.05755656197567114,0.0803252520546636,0.09772600446428571,0.10888274898373984,0.11672530215010683,0.12164279513888888,0.12507915061358446,0.1274990505642361
0.027010064809196332,0.05707248263888889,0.079940749235474,0.09750064388736264,0.10861280487804878,0.11599496694711539,0.1210427517361111,0.12452509631849315,0.12689661096643517
0.026119720011137316,0.05582097205201525,0.07878997161223723,0.09600830078125,0.10758463541666667,0.11481923292457806,0.11930873937774122,0.12267296593468469,0.1251605308219178
0.025684845753205128,0.055768314270152504,0.07885302294481981,0.09628163213315218,0.10774249341114457,0.11555989583333333,0.12046440972222222,0.12392199093892695,0.12619583695023148
0.0252197265625,0.05496051747311828,0.07755679175967262,0.09486044606854839,0.10639977833581349,0.11392096024525317,0.11915347450657894,0.1227026587134009,0.12506242865296804
0.024790930369543652,0.055513984713203464,0.07863234328078078,0.0956199946796595,0.10700916108630952,0.11407032898206751,0.1190442537006579,0.12235514322916667,0.1246990047089041
0.024120857865338165,0.05451385433253716,0.07730039523414454,0.09455168162677305,0.10591537233382936,0.11348830597310126,0.11827503551136363,0.12172960069444444,0.12410035851883562
0.023783017113095238,0.05380357786294549,0.07598270170869884,0.09349643640350877,0.10446537990196078,0.11210428873697917,0.11750350886093074,0.12113064236111111,0.12388408782819635
0.022966304097605892,0.053332010904947914,0.07607917232789856,0.09271261650219298,0.10290293492576628,0.11172196502057613,0.11666061531784189,0.11967602110745613,0.12195529513888889
0.026159782768416927,0.05181934387703252,0.07254122352065827,0.08878498526936027,0.10001719042602997,0.10795133659638555,0.11308140493143459,0.11666434151785714,0.11946400424890351
0.02567947450488683,0.05178148674242424,0.07199978298611111,0.08866661405723905,0.09998975889513109,0.10786701493473895,0.11314218255537975,0.11665800020292208,0.1194943576388889
0.02463990461661736,0.050726996527777776,0.07168654764979339,0.08820638020833334,0.09965549045138888,0.10710027610441768,0.11204935709635416,0.11559641259348291,0.11823901795504387
0.024298754099854228,0.05045717378574951,0.07167578663050964,0.08785563151041667,0.09886338975694445,0.10626026940724206,0.11162250032150206,0.11530323517628205,0.11774130817099566
0.02370714439399335,0.049509920815164726,0.07001651230678764,0.08603389209142395,0.09676017342032966,0.1048205805759804,0.11004613554526749,0.11363664458069621,0.11632719494047619
0.022754798087899545,0.04895954935943487,0.06947244623655914,0.08647365196078431,0.09776624742445054,0.10556466238839286,0.11100360886059671,0.1146636702056624,0.11738619453463203
0.02233492943548387,0.04864908854166667,0.06897747705853174,0.08503599691545308,0.09598972486413043,0.10370232077205882,0.10966234246399177,0.1134254680907173,0.11668970677759741
0.021573787540584415,0.04803455302495292,0.06815752645177166,0.08398049975198413,0.09514921454973119,0.10244084500718391,0.10762726314484126,0.11102370273919752,0.11363973496835443
0.021211928215579712,0.047641254096441946,0.06797426078576116,0.08484874342637541,0.09602245386096014,0.10389413759689922,0.10911895007621951,0.11321223134229957,0.11560162927350427
0.02054779582816377,0.0471435546875,0.068094566385582,0.08540892369538836,0.09756324404761904,0.10551279105392157,0.1103686422968107,0.11437833761867089,0.1171483952245671
0.020048300040355124,0.0467046381353022,0.06762246760170604,0.08452273637820513,0.09656823199728261,0.10411367490310078,0.10930255176575203,0.11346333821614583,0.11653854500534189
0.019669635668276973,0.046617445054945056,0.06744003295898438,0.08369373139880952,0.0948595710125448,0.10310683139534883,0.10832392068273092,0.112237548828125,0.11483686398237179
0.018825168578904993,0.045571166554659495,0.06612172988231552,0.08253642148191824,0.09400885832225177,0.10184178207859848,0.1069093734499008,0.11058677115091463,0.113409423828125
0.022561114767323368,0.044691513034611996,0.06261027607940821,0.07757350376674108,0.08878005313552188,0.09648242895153986,0.10174745501893939,0.10564970128676471,0.1088281646976626
0.02209169644835993,0.044486705043859646,0.06152401878720238,0.07699575958702065,0.08842987163299663,0.09639927960824275,0.10156065044981061,0.10518918504901961,0.1083464718247992
0.021335212818658956,0.043496043411726804,0.061174083891369045,0.07596311707427536,0.08683671101485149,0.09497245323700716,0.10044537168560606,0.1051547181372549,0.10795623901857429
0.020626441360903813,0.04285514818633672,0.06118637337470449,0.07624540273209064,0.08717995823019802,0.09570754783740942,0.09953988178838952,0.10449123008578431,0.10895718210111789
0.020125542271993542,0.04264076309974747,0.060821605348699764,0.07564184216485507,0.0871960731229373,0.09526997227822581,0.10057484019886363,0.10451516544117648,0.10755227943022089
0.019444562386775364,0.04159891664100985,0.05957087764033565,0.07484313263290229,0.08617366217320262,0.09399154338430851,0.09962400514981273,0.10345790182897287,0.10633777436755952
0.018937213793276973,0.0409027935034219,0.05864558807791096,0.07350494902012712,0.08462367913661858,0.0925233004385965,0.0981686770260989,0.10195737896543561,0.10456303615196079
0.0181865108569847,0.040276227678571426,0.05761498803490991,0.07269761827256944,0.08384641617063492,0.09141514309493128,0.09704766757246377,0.10068951231060606,0.1036613523498062
0.017427748528079712,0.03960044992175274,0.05704372829861111,0.07126571571892076,0.08215674284462617,0.09003391395620748,0.09552286346326165,0.09975933403558053,0.10271024155890805
0.0170786392285628,0.039370908172702494,0.05673871240342163,0.07126971802424864,0.08214685552959501,0.08968181160563973,0.09494532650089606,0.09899359809027777,0.10205358746408046
0.016723043100845412,0.039172647165697676,0.05691134982638889,0.0716771317579201,0.08238186940225857,0.09011197252338435,0.09590569095335146,0.10013971793071161,0.10331974473110465
0.01615141593699678,0.038576819943873665,0.05631189179002193,0.07040711276253388,0.08233834512578617,0.09058456158719931,0.09714650583791208,0.10179728657806514,0.10499961703431372
0.015337024142008857,0.03809219751602564,0.05557475564799783,0.07072073514344263,0.08221473933765723,0.09067181459407217,0.09679147350045787,0.10088833895596591,0.10403513353924419
0.019930484790157004,0.03856084118150685,0.05347849527994792,0.06563717597010178,0.07551658740942029,0.08332403273809524,0.08926080197704081,0.09364870761303191,0.09739243503891941
0.01907933430203301,0.03753734770275298,0.052740403163580245,0.0653063841540404,0.07596556903326024,0.08434432592147435,0.09081024484536082,0.09553773941532258,0.0988868995949074
0.018483725530897745,0.037197956996681415,0.052070431592987805,0.06460920495180349,0.07486909011314655,0.08258939539111636,0.0882421875,0.09259097450657895,0.09575387824820789
0.01776118120712268,0.03619104144216954,0.05090816437251984,0.06388647762345678,0.07440029046474358,0.08285810362617925,0.08871018123947812,0.09357439007675439,0.09655673262001811
0.0173597351172504,0.0359676176326567,0.0515156328438755,0.06379605516975309,0.07405459846866097,0.08190879940615264,0.08790690104166667,0.09217156304253472,0.09533210125448029
0.01656342781300322,0.03489758925484094,0.049624318500243667,0.062361417761171496,0.07215169270833334,0.08088288483796297,0.08694358277165033,0.09109297814647767,0.09403136774157801
0.015983937827093397,0.03441815819245218,0.04845913973721591,0.060527389598004695,0.07087289867039295,0.07847691441441441,0.08452038887219551,0.08868896484375,0.09172481960720485
0.01541958377365137,0.033787224882392476,0.04796650629708098,0.06037444001311189,0.0702842794438844,0.07806251162574404,0.08386811755952381,0.08830245817550506,0.09177652994791667
0.014636446696356683,0.033280952897652115,0.04737419256284916,0.059763803904428904,0.07054009993224933,0.0779695056733631,0.08388499724559295,0.08849446614583334,0.09174737569802406
0.014221093120974235,0.032846966911764704,0.04728958695023148,0.05979749891493055,0.06968114709341398,0.07833688180367868,0.08431615584935898,0.08912859059343434,0.0925061677631579
0.013846429649758454,0.03238364522771318,0.04695862828038674,0.05932899757667824,0.0698576896421371,0.0778350830078125,0.08396034846230159,0.08787923177083333,0.09151713053385417
0.013116759762479871,0.0315437030075188,0.04586060670045045,0.05840164841978458,0.06897786458333334,0.07744155028576696,0.08304191468253969,0.08760823567708333,0.09118358703823023
0.012648921849838969,0.031270345052083336,0.046076235563858696,0.05911121587643678,0.06952101184475806,0.07816459037162163,0.08491906224716829,0.08969759778911565,0.09315436613475177
0.017442491319444444,0.03211026051644317,0.04348975112757732,0.05333739728907867,0.06139703845301418,0.06783040364583333,0.0730014662114846,0.07711314873709439,0.08029912079510704
0.01680599587359098,0.03167501965408805,0.04325003338675214,0.053058379431935816,0.0611142277999409,0.06744702657063802,0.07280998336834733,0.07727518897492626,0.08042549792631173
0.016054899796195652,0.030871627075645756,0.04218994140625,0.05265098540380658,0.06164638601618705,0.06944791666666666,0.0749841448904454,0.07925692471590909,0.08267531622023809
0.01546538471215781,0.03020469032039711,0.04128517212906504,0.05084228515625,0.059183054956896554,0.06534830729166667,0.07062280339600271,0.07512445559446838,0.07847013927641369
0.014877245621980676,0.029758895260786053,0.04107251213592233,0.05123031187248996,0.05996082447193287,0.06674241286057692,0.07250703015581232,0.07722045538348082,0.08104865933641975
0.014229349084138487,0.02908183910228588,0.040341719370039685,0.05036664432322485,0.05870411494006849,0.06530268505366162,0.07117069128787878,0.07574586730072463,0.0796734434185606
0.013600126748691627,0.028064937570145904,0.03908359857253087,0.048970774215756706,0.057481370530686936,0.06501605576441102,0.07080811880976776,0.07543313914331896,0.07885595556493993
0.012877336830716585,0.02736302425986842,0.038645146454510705,0.048264474579782196,0.05633866159539474,0.06276314914081509,0.0685027591765873,0.07321620054271709,0.07720821234328909
0.012624547101449276,0.0272251370166122,0.03812681172228507,0.04768743050678839,0.05569735440340909,0.06268457974788648,0.06771922674704725,0.07223103841145834,0.07597868546195652
0.012071397569444444,0.026668972439236112,0.03787442227383633,0.047742904009543764,0.055823652259199136,0.06274532865723845,0.06865583147321429,0.0729105118609944,0.07641030473318713
0.01150350524607488,0.02611437312238767,0.03680801946870451,0.046315511067708336,0.053939111122099155,0.06135021391369048,0.06766155573326772,0.07300283394607843,0.07635747898391813
0.01091929756692834,0.02543826219512195,0.03600065660612536,0.045535289258512544,0.05387215272283755,0.06066264121185446,0.06624661959134616,0.07111896452356557,0.07453940193198005
0.010548172365640096,0.024722920916790306,0.035549072609001406,0.044428025630482454,0.052473048492494824,0.0598602294921875,0.06518123125789141,0.06993906985047044,0.0736863303319209
0.01557821620873591,0.02691217237903226,0.035390132615546216,0.042332356770833336,0.048275571880918564,0.053202311197916664,0.05741892565016778,0.061096912861997636,0.06394434799382716
0.014904765499194847,0.02633267817114979,0.034749348958333336,0.041924168221393034,0.048221472537878785,0.053564961751302084,0.05772441142314189,0.06167039025029976,0.0649105804135101
0.014297755636070853,0.025750305426954733,0.034010667067307696,0.040741605651167474,0.0470103339376151,0.05204141019570707,0.05583746085239651,0.05951379846643518,0.06274829873783455
0.01367207157055153,0.025177556818181818,0.03343332399568393,0.040578206380208336,0.046737417990331494,0.05218867826559305,0.05661260002759382,0.06049862816220238,0.06450899797885572
0.012852962082326893,0.024066368508454106,0.03227432231338481,0.03894136724750384,0.045070783466312055,0.050399389022435896,0.054866432124732904,0.05870300014269406,0.06237880789118705
0.01234836547654992,0.02345267258121469,0.031772937460392905,0.03883636052707373,0.04453553316885965,0.05009505593565089,0.054792876936431624,0.05876041220747717,0.06212081540609903
0.01187797214673913,0.02297259869935543,0.030938893373308733,0.037656148274739586,0.04357113133591065,0.048694362128831416,0.053782081204140464,0.057490234375,0.06049701529489437
0.011241083559782608,0.02234775101078167,0.030281988318991544,0.03677248225982533,0.04227231535280569,0.04692789713541667,0.05136845449725549,0.05459672976762821,0.05778709617820946
0.010656089598429952,0.021516842751511226,0.02905499493634259,0.03557345233386076,0.04088195702495974,0.04597761824324324,0.050250593256903356,0.05435316729697452,0.05748555910934004
0.010233069771537841,0.02098744066455696,0.028666527956758305,0.0348384957425657,0.04061658678039452,0.045828054617117114,0.05006375585552268,0.05436871765525478,0.057570448866835586
0.009789803177838164,0.020661643417497922,0.028355503941441443,0.03429760576105442,0.039841916079812204,0.044762541118421054,0.04911225012042389,0.05277252197265625,0.05642786628540305
0.00937150104418277,0.020093603041565534,0.02753068275577558,0.03385612763554217,0.03896228178047839,0.0439524807048791,0.048317186760179924,0.05193162454989712,0.055325415826612906
0.00882660747534219,0.019525549454005635,0.02701532273065476,0.03299326658874672,0.038373530000942686,0.04244588216145833,0.046056798986486486,0.049367032309835274,0.052330947503810975
0.014285961402979067,0.022752251817193224,0.028590093464611874,0.03301228043300654,0.036667798913043476,0.03972989376460281,0.04223307291666667,0.044787251357491134,0.047481032501163874
0.013527002503522545,0.021739593559118673,0.027508927650577556,0.03198273248648219,0.0355775728507384,0.03853039863782051,0.040640263656299844,0.042655559501262624,0.044757383089539006
0.012876747119061997,0.021167988679846938,0.026797115738879957,0.03095120550814883,0.03473757909349173,0.037801473348348345,0.04060521954744817,0.04289397935173435,0.045003688081781915
0.012308068513486313,0.020390241093366093,0.025742770222479425,0.029917873077210274,0.0330932296792979,0.036273378314393936,0.039151038652584874,0.041161231745302285,0.0432304186698718
0.011600414527979067,0.019696369263285024,0.025092640672205437,0.029084208950348432,0.03201969525286259,0.03470038576244813,0.03717103753671072,0.03960452289701258,0.041820161020008254
0.011045495861010467,0.01905378013033414,0.024340557795698926,0.028393942212301588,0.03177773832070707,0.034693189888946284,0.037259114583333336,0.03972659320951258,0.04156484118431855
0.010603998402274557,0.01859144619313607,0.023699261410849954,0.02767115712955298,0.030713009428223845,0.033117884860836624,0.035366052984353025,0.037556785300925925,0.039286295572916664
0.009969272091384863,0.01778452407910628,0.022599306028610353,0.026326497395833332,0.02952525537338615,0.03196813374681934,0.03436479412141393,0.03637379613415948,0.038117321795590436
0.009603454294987922,0.017349906589673912,0.022145399305555556,0.02597575123312565,0.029028915777439025,0.03194531748882503,0.03438780737704918,0.03644411844978166,0.03885923527872907
0.008981701640499195,0.016679797579508857,0.021544672252806565,0.025172545710599195,0.027986845451038158,0.030632941277472528,0.03268634484435798,0.03453922792862022,0.03614915809740028
0.008599175347222222,0.016391035439311596,0.021129524243866327,0.024954572838930347,0.027978679477768456,0.030456691472779806,0.03270154426070039,0.034749348958333336,0.03657935131555316
0.008126030029690015,0.015723088705213367,0.02036599551930147,0.023926248952346744,0.02697886016977814,0.02993884189523381,0.03234344835907336,0.03432944042435109,0.03627182246959943
0.0077755447363124,0.015256430215881642,0.019905716900664252,0.02332169847105509,0.026188048676624737,0.028665129671391752,0.030702993837759464,0.03283739276960784,0.03466225195850551
0.013205019940116747,0.019105281614834945,0.022679507840960837,0.025224165482954544,0.02702764938370847,0.028232333896396396,0.029259445775261322,0.029949087604916068,0.03093258715790283
0.012528424101751208,0.018446573696658614,0.02192722973159171,0.024326971399853802,0.026044209798177082,0.027528607029525386,0.028687222580183275,0.029784866640717673,0.030692515872110707
0.01199080364331723,0.01763591674214976,0.02091819833648195,0.02308681704097029,0.02487252877877878,0.02637726314484127,0.02756210679661716,0.028512690883645126,0.029328855994152046
0.011271158854166666,0.016947133529589372,0.02023357505829278,0.0224082926212938,0.023992814080563585,0.02527743252840909,0.026153244562368973,0.027096693471769816,0.027874218314520624
0.010795458119464573,0.016445682052636877,0.019637004956723027,0.021614710489908855,0.023046604484072024,0.024178700498056364,0.025316912835612968,0.026164499918619792,0.026800255811227223
0.010145202735004025,0.015591779576791465,0.018653169346316424,0.020662049303823773,0.022160439992758466,0.023291836265756302,0.024191732708933718,0.024803176849426147,0.025539243124364838
0.009677561392914653,0.015066936204206923,0.01803731380837359,0.019942672164351853,0.02120162029655612,0.022145182291666666,0.02290380769452118,0.023601416385535038,0.024213088768115943
0.009068782394826893,0.014228169660829307,0.016931801026570048,0.0185916427636876,0.01973745250855475,0.02060148031404703,0.02121408392245073,0.021954787050815695,0.022409030123873873
0.008711810273248792,0.014090373704206923,0.017012001811594204,0.0189116596215781,0.02025096862296748,0.021273412459935897,0.022203924402368187,0.023125126944057568,0.023778599330357142
0.00828289332981079,0.013488278104871175,0.01627191368508454,0.01806542339724235,0.01936180618458132,0.020278793869702525,0.021134564665710034,0.021888699359608618,0.022505806587837837
0.007825473656400966,0.012910950395028181,0.015604949803743962,0.01727874805002013,0.01847075187449678,0.01937163471215781,0.020110811726987022,0.020795600655284043,0.02129886985844017
0.007383976197665057,0.012320452458232689,0.014876262769223027,0.01649954238375604,0.01763591674214976,0.018508493420390498,0.01921084000100644,0.01980212422000805,0.020327100566789217
0.007028969781602255,0.012043091410024154,0.01464942035275765,0.016281545642109502,0.01741949256491546,0.01829246238425926,0.01899638152928744,0.019572922956924317,0.020113385796836983
0.012406943500905798,0.016390445727657004,0.018381901985205316,0.019490166754730275,0.020161946614583332,0.020560790209880362,0.020876995762489504,0.021160722589817178,0.02131952254712939
0.011820376975140903,0.015817049428844605,0.017817351361211754,0.018899668817934784,0.019546385932467793,0.020014027274557165,0.02035738844743276,0.020638263156534328,0.02080102661746231
0.011206094001610305,0.015020152412942835,0.0168364643090781,0.017875536244464574,0.018466427322363123,0.018859568425422704,0.01913633976197665,0.0193557124974839,0.019524763171799516
0.010726658426429147,0.014465823457628825,0.01628233192431562,0.01725869785376409,0.017852734060487117,0.01824430259913446,0.01851891165962158,0.018718430769424317,0.018889250578703703
0.010039840919384058,0.01376524601197665,0.015498015423711755,0.0164260249974839,0.016947133529589372,0.017291721706421095,0.017515615564613528,0.01768938393216586,0.017815582226247986
0.009538586012983092,0.013113614633655395,0.014740235947564411,0.015562687135165057,0.016041139857588566,0.01634975562349034,0.016567359224033816,0.01674152073268921,0.01687656470159018
0.00894730179398148,0.012414609752415458,0.013988157017411433,0.014763234702093397,0.015200800749798711,0.015471674969806764,0.01563581138033414,0.015816656287741544,0.01594580314009662
0.008503838629730275,0.011911192569947665,0.013336525639090177,0.014070126937399357,0.014529708886876007,0.014792720284822867,0.014972582339472625,0.01509996005686393,0.015212398412338969
0.008104014127918679,0.011463208283011271,0.01289266933373591,0.013580273122987117,0.013958474864130434,0.014210085170088567,0.014381298120471014,0.014510051831723027,0.014606174831421095
0.007695540521839774,0.010993797805958131,0.012410481770833334,0.013082949627616747,0.013475107877918679,0.013717282797403382,0.01388790603613124,0.014017839170692431,0.014107475342190015
0.007300826854367955,0.010539916402475846,0.011889569809279387,0.012556730261171498,0.012926086327495975,0.013157646437198068,0.013329055958132045,0.013470390184681965,0.013576931423611112
0.00685461170239533,0.009998757674114333,0.011309883252818035,0.011909816576086956,0.012251259624094202,0.012476922617250403,0.012632213352958938,0.012739737444645733,0.012830553039452497
0.006496067016404992,0.009518142675623993,0.010715257334440419,0.011278431964573269,0.011586458018820451,0.011773986324979871,0.011908637152777778,0.011999452747584542,0.012068842152274557
0.011834333484299516,0.014544451678240741,0.015725250981280192,0.01622729216988728,0.016492465843900968,0.01665935424214976,0.016786142247886472,0.016879120118760065,0.016959320903784218
0.01130693469454509,0.01388928202999195,0.01493916534571256,0.015373979405696457,0.015581557908111917,0.01570932876660628,0.01577459018971417,0.01582943337359098,0.01585832924466586
0.010727248138083735,0.013200302246880033,0.014205564047403382,0.014621507334440419,0.014828692695752817,0.014935627075785024,0.015015827860809178,0.01505199684229066,0.015100746339070048
0.010251350832830113,0.012646169862117553,0.013580666264090177,0.01396299598681562,0.014138336918780194,0.014245861010466989,0.01431013958081723,0.014354171384359904,0.01438444324929549
0.009597753748993559,0.01195404495018116,0.012834091309380033,0.013185756026066827,0.013330825093095813,0.013415940141908212,0.013460758227657004,0.013494961503623188,0.013518746540358293
0.009049321910225443,0.011326002038043478,0.01214982921950483,0.012473974058977455,0.012631230500201289,0.012717524972322867,0.012764505334138487,0.01279831546900161,0.012810699413747987
0.008643010580213365,0.010841062487419485,0.011612601902173914,0.011903919459541062,0.012043287980575685,0.012115429372987117,0.01216142688204509,0.01218816047705314,0.012203099838969405
0.008125833459138487,0.010312877415458938,0.011096211063305153,0.011382614356884058,0.011509795503723833,0.011570339233595009,0.011601987092391304,0.011622037288647342,0.011638156073872787
0.00777475845410628,0.009849167484400161,0.01049765373389694,0.010763613690116747,0.010853249861614333,0.010964115652677133,0.010960184241646537,0.010984952131139291,0.010970799051429147
0.007279007523148148,0.009330614369464573,0.010032174667874396,0.010265307341988729,0.01038383938456119,0.010441237985607891,0.010483500654186795,0.010509054825885667,0.010534412427033011
0.00690198520531401,0.008870639278884863,0.009492981645028181,0.009715499509359904,0.00979491401217794,0.009838945815720613,0.009858602870873591,0.009871183386171498,0.009880029060990338
0.006504519550120773,0.00843169723731884,0.009047945916364734,0.009256900412640903,0.009344570878623188,0.009378381013486313,0.009392337522644928,0.009404524896839775,0.009411601436694847
0.006186468397745571,0.008074135404086151,0.00864792484400161,0.00882739375754831,0.008900124861614333,0.00894002868357488,0.008963813720309985,0.008979735934983897,0.008985239910426731
0.011553041025060386,0.013293083547202093,0.013828148588466184,0.014048307606179549,0.014116517587560386,0.014107671912741546,0.014158190544484701,0.014128115250100643,0.014167036219303543
0.010953304272342996,0.012649511561493559,0.01318261089724235,0.01333397022192029,0.013394317381239935,0.013420068123490338,0.013431469215479067,0.013436383479267311,0.01343618690871578
0.010288306096517713,0.01181271072363124,0.012285069758957327,0.012416575457930757,0.012467880371880033,0.012445667899557165,0.012475743193941223,0.012478102040559581,0.012481836881038648
0.009762479871175523,0.011291209050422706,0.011740765901771337,0.011857921950483092,0.011901167471819647,0.011919645103663445,0.011927507925724638,0.011935370747785829,0.011937729594404187
0.009326486387882447,0.010896298812399357,0.01136983727103462,0.01150271896386876,0.011548716472926731,0.011571911798007246,0.011581740325583735,0.01158685115992351,0.01158724430102657
0.008717314248691627,0.010246239998490338,0.01068459232840177,0.010783270745269725,0.010824550561090981,0.010838507070249597,0.010847942456723027,0.010846566462862318,0.010852267008856683
0.008266381403482287,0.009635888435990338,0.010011534759963768,0.010119058851650563,0.010153851839271337,0.01016073180857488,0.010167218636775362,0.010166432354569243,0.01016957748339372
0.007857711226851851,0.00924943073168277,0.009625863337862318,0.009726114319142512,0.009759531312902577,0.009780760932467793,0.009785871766807569,0.009792751736111112,0.009792162024456522
0.007406385240539453,0.008759380346719001,0.00909905425976248,0.00918318645581723,0.009204219504830918,0.009217782872886474,0.009219158866747183,0.009223679989432368,0.009224662842190015
0.007049216548409823,0.008323780004528986,0.00865794994212963,0.008749158678039453,0.008783951665660225,0.00879790817481884,0.008801053303643317,0.008802429297504025,0.008802822438607085
0.006627572715378422,0.007809551441727053,0.008070597134158615,0.00813998653884863,0.008153746477455717,0.008189915458937198,0.008164164716686795,0.008166523563305153,0.008163771575583735
0.006286915949577295,0.007459262718900966,0.007749400852958937,0.00782095253371578,0.007848865552033011,0.007854959239130434,0.007862822061191627,0.00785967693236715,0.007865180907809985
0.005921491294283414,0.007035260039251208,0.007290998326791465,0.007348396927838164,0.007374147670088566,0.007384762479871175,0.007391839019726248,0.00739891555958132,0.007408154375503221
0.01119331691576087,0.012351117464271337,0.012663861211755233,0.012730695199275362,0.012755659659319647,0.0127619499169686,0.01277059902123591,0.012768240174617553,0.012771581873993559
0.010654320463466184,0.011778704018216585,0.01207650840378422,0.012140786974134461,0.012158085182669082,0.012163982299214976,0.01216968284520934,0.012168503421900161,0.012170469127415458
0.010052814575785024,0.011105449879227054,0.011383990350744767,0.011448858632749597,0.011458294019223027,0.01146674655293881,0.01146419113576892,0.011468515687902577,0.011464387706320451
0.00955902935034219,0.010607733242753624,0.010875658904488729,0.010940330615942028,0.010951535137379228,0.010960184241646537,0.01095802196557971,0.010962739658816426,0.01095802196557971
0.00897678737671095,0.010024508416364734,0.010256854808272946,0.01030049347071256,0.01029223750754831,0.010344132133152174,0.010321329949174719,0.01032093680807166,0.010322509372483897
0.008468062789351851,0.009428506504126409,0.0096435546875,0.009683065368357488,0.009694859601449276,0.009697415018619163,0.009700953288546699,0.009700363576892109,0.009681492803945249
0.008017719655797102,0.00896715541968599,0.009176699627616747,0.009209526909722222,0.00921974857840177,0.00922014171950483,0.00922092800171095,0.009220534860607891,0.009221517713365539
0.007654653847121578,0.00853587962962963,0.008720262806964573,0.00875171409520934,0.008756038647342996,0.008763901469404187,0.00876016662892512,0.008764687751610305,0.00876075634057971
0.007234975719605475,0.0080843570727657,0.008249672906602255,0.008275620219404187,0.008286038458635266,0.008288987016908212,0.008288987016908212,0.008288593875805153,0.008288987016908212
0.006813528457125604,0.007562462258454106,0.007709693601549919,0.007724632963466184,0.007731906073872786,0.007731709503321256,0.007734854632145733,0.007732102644424315,0.007735247773248792
0.006393064047403382,0.007143570413144122,0.007265051013989533,0.007282349222524155,0.007288442909621578,0.007288836050724638,0.007289622332930757,0.007290015474033816,0.007289622332930757
0.006121796686292271,0.006857167119565217,0.006972554033313204,0.00699574935839372,0.00699574935839372,0.006998108205012077,0.006996732211151368,0.006997715063909018,0.006996732211151368
0.005755585748792271,0.006448300372383252,0.006559166163446054,0.006578823218599034,0.006586292899557166,0.006584720335144928,0.006587275752314815,0.006584916905696458,0.006587275752314815
0.01099615665257649,0.01180248905495169,0.011995717907105475,0.012034049164653783,0.012042698268921095,0.012045843397745571,0.012044860544987922,0.01204662967995169,0.012045843397745571
0.010362216623892915,0.011103484173711755,0.011273124559681965,0.011301037577999195,0.01131381466384863,0.011309883252818035,0.011317156363224638,0.011311259246678744,0.011317156363224638
0.009863910275764895,0.010602425837862318,0.010753392021437198,0.010783074174718197,0.010788185009057972,0.010790150714573269,0.010790543855676328,0.010790740426227859,0.0107903472851248
0.009381919283413849,0.010023525563607085,0.01015856953250805,0.010183140851449276,0.010184909986413044,0.010185106556964573,0.010185499698067632,0.010186285980273753,0.010185696268619163
0.00878945564110306,0.00947588000704509,0.009610530834842996,0.009626846190619967,0.009634905583232689,0.00963313644826892,0.00963569186543881,0.00963352958937198,0.009636085006541869
0.008303926378824477,0.008972266254025765,0.009082149192330918,0.009102789100241546,0.009104951376308373,0.00910966906954509,0.00910750679347826,0.009110062210648149,0.00910750679347826
0.007950295956622383,0.008594261083433977,0.008705913156702898,0.008725570211855877,0.008726159923510467,0.008727142776268116,0.008735988451086956,0.008728518770128825,0.008728518770128825
0.007528455553039453,0.008045829244665861,0.008146276796497584,0.008162199011171498,0.008166523563305153,0.008165933851650563,0.008166916704408212,0.008165737281099034,0.008167113274959743
0.007056686229367955,0.007620647141706924,0.00770949703099839,0.00771853927636876,0.007723060399053946,0.007721880975744767,0.007723846681260064,0.007722274116847826,0.007723846681260064
0.006602215114231079,0.00713669044384058,0.007217677511070854,0.007226326615338164,0.007227309468095813,0.007228095750301932,0.007227506038647343,0.007228095750301932,0.007227702609198873
0.006268045176630435,0.006765172101449275,0.006836920352757649,0.006843996892612721,0.006846945450885668,0.006848124874194847,0.006847338591988728,0.006847928303643318,0.006847338591988728
0.00594350719605475,0.006448300372383252,0.00652594574023752,0.006528304586855878,0.006531056574577295,0.006529287439613527,0.006531253145128825,0.006529484010165057,0.006531253145128825
0.005672829546598228,0.006118848128019324,0.006216543692129629,0.006198459201388889,0.006190203238224638,0.00618784439160628,0.006224013373087762,0.006201014618558777,0.006203570035728663
0.0108160980273752,0.011327574602455717,0.011429594718699677,0.011448268921095009,0.011452396902677133,0.011451020908816426,0.011488172743055556,0.011421142184983897,0.011453183184883253
0.010300296900161031,0.010811183763586956,0.010916152438103864,0.010934236928844605,0.010937382057669082,0.010936399204911433,0.010937971769323672,0.010936792346014492,0.0109381683398752
0.009734763423409823,0.010228745219404187,0.01031150142159823,0.010326047642411433,0.010325261360205314,0.01032919277123591,0.010327620206823672,0.01033037219454509,0.010327620206823672
0.009283830578200484,0.009734763423409823,0.009825775588768116,0.009835604116344605,0.009837962962962963,0.009837373251308373,0.009838749245169082,0.009837766392411433,0.009838945815720613
0.008692939500301932,0.009189673284017713,0.009275378044484701,0.009284027148752013,0.0092865825659219,0.0092865825659219,0.00928697570702496,0.00928677913647343,0.00928697570702496
0.00824416893115942,0.008682128119967793,0.00875092781300322,0.008758790635064411,0.00876095291113124,0.00875977348782206,0.00876095291113124,0.008759970058373591,0.00876095291113124
0.007731316362218197,0.008152370483595009,0.008219794182769725,0.008224511876006441,0.008228639857588567,0.00822549472876409,0.008228639857588567,0.00822588786986715,0.008228639857588567
0.007310065670289855,0.007703010202797907,0.007751956270128825,0.007759032809983897,0.007760015662741546,0.007760015662741546,0.007760408803844605,0.007762177938808373,0.007742127742552335
0.006934222775764895,0.007333260995370371,0.007379848216082931,0.007383189915458937,0.007384959050422705,0.007385352191525765,0.007384762479871175,0.007385352191525765,0.007384762479871175
0.0065078550620460045,0.0069033274061743345,0.0069447071731234865,0.006950815614911219,0.006955059254227053,0.006955255824778583,0.006955059254227053,0.006955648965881643,0.006955059254227053
0.00617840900513285,0.006519458912037037,0.006556610746276168,0.00656368728613124,0.006566046132749598,0.006565456421095008,0.006565849562198068,0.006565456421095008,0.006565849562198068
0.005903406803542673,0.006238166452797907,0.006277087422000805,0.006286719379025765,0.006284360532407407,0.00627256629931562,0.006284950244061996,0.006288881655092593,0.006284950244061996
0.005526581056260064,0.005805907809983897,0.005844632208635266,0.005847580766908213,0.005845221920289855,0.005847580766908213,0.005845418490841385,0.005847580766908213,0.005863896122685185
0.01068459232840177,0.011076357437600643,0.011162062198067632,0.011170318161231884,0.01117385643115942,0.011171890725644123,0.011175625566123188,0.011172480437298711,0.011175625566123188
0.010063822526670693,0.010472296132749597,0.010540309543578905,0.010548565506743155,0.010548958647846217,0.010549941500603864,0.010550727782809985,0.010551120923913044,0.010551317494464573
0.009566302460748792,0.009926616281702898,0.009992270845913849,0.010001116520732689,0.01000091995018116,0.010001706232387279,0.01000131309128422,0.01000131309128422,0.010001509661835748
0.00904204879981884,0.009355775400060386,0.009413370571658615,0.00941887454710145,0.009421429964271337,0.009419660829307569,0.009420840252616747,0.009419660829307569,0.009420840252616747
0.008558092101952497,0.008863169597926731,0.008918405922906603,0.008923516757246376,0.008926858456622383,0.008925089321658615,0.008926661886070853,0.008924696180555556,0.008926661886070853
0.008173010391505637,0.008458823973429952,0.008501479783111917,0.008507966611312399,0.00850875289351852,0.008510128887379228,0.008509342605173107,0.008509932316827697,0.008509342605173107
0.007692395393015298,0.007985875226449276,0.008024599625100643,0.00802853103613124,0.008029513888888888,0.00802833446557971,0.008029513888888888,0.00802833446557971,0.008029513888888888
0.007256795050825281,0.007519216737117552,0.007556172000805153,0.007556368571356682,0.007556565141908213,0.007555975430253623,0.007534942381239936,0.007555778859702093,0.007556761712459743
0.006870140775966184,0.007097769474637681,0.007130596756743156,0.007133152173913043,0.007131579609500805,0.007132955603361513,0.007132169321155395,0.007132955603361513,0.007132169321155395
0.00655425189965781,0.006776180052334943,0.006784042874396135,0.006801341082930757,0.006787974285426731,0.006803503358997585,0.006804289641203704,0.006803503358997585,0.006804289641203704
0.006194134649255233,0.006423925623993559,0.006455376912238325,0.006458128899959743,0.006459504893820451,0.006458325470511272,0.006459504893820451,0.006458325470511272,0.006459504893820451
0.005778584503321256,0.005975548195954106,0.005993632686694847,0.005996188103864734,0.005995008680555556,0.005996581244967794,0.005995008680555556,0.005996581244967794,0.005995008680555556
0.005452867099436393,0.005663787301227859,0.005684230638586957,0.005685410061896135,0.005685999773550725,0.005685606632447665,0.005685999773550725,0.005685606632447665,0.005685999773550725
0.010681643770128825,0.010927946671195652,0.01096726078150161,0.010975516744665861,0.01097630302687198,0.010977679020732689,0.01097689273852657,0.010977679020732689,0.01097689273852657
0.010107264618558777,0.010389343360004025,0.010431212887479871,0.010443596832226247,0.010438682568438003,0.010435734010165057,0.010438092856783415,0.010436127151268116,0.010437896286231884
0.009497502767713365,0.009731618294585347,0.009767197564412237,0.009767197564412237,0.009771915257648953,0.009768376987721417,0.009772111828200484,0.009768573558272946,0.009772111828200484
0.009025536873490338,0.009250217013888888,0.00929562481129227,0.009297000805152979,0.009298376799013687,0.009297393946256038,0.009298966510668277,0.009297393946256038,0.009298966510668277
0.00842324470360306,0.008700802322363125,0.008729305052334943,0.008706896009460547,0.00873343303391707,0.00873284332226248,0.0087336296044686,0.00873303989281401,0.00873343303391707
0.008050743508454106,0.008268740250100643,0.008297636121175523,0.008296456697866345,0.008299012115036232,0.008297046409520933,0.008299012115036232,0.008297242980072464,0.008299012115036232
0.007582905595813204,0.007789894386574074,0.00782252509812802,0.007822721668679549,0.007824883944746376,0.007823704521437198,0.007825080515297907,0.007823901091988729,0.007825080515297907
0.007186815934480676,0.007360387731481482,0.007383779627113527,0.007385745332628825,0.007386335044283414,0.007367267700785024,0.007386335044283414,0.007385352191525765,0.007386335044283414
0.006805272493961353,0.006961939223530595,0.00698631397192029,0.006983561984198873,0.006987296824677938,0.006984151695853462,0.006986903683574879,0.006984151695853462,0.006986903683574879
0.006443582679146538,0.006597890562097424,0.006615778482286634,0.00660988136574074,0.006611650500704509,0.006610274506843801,0.006611650500704509,0.006610274506843801,0.006611650500704509
0.006089755686392914,0.006238166452797907,0.006250746968095813,0.006252712673611111,0.006252122961956522,0.00625389209692029,0.006252516103059581,0.00625389209692029,0.006252516103059581
0.005757551454307569,0.00590635536181562,0.005919918729871175,0.005920115300422705,0.005921884435386473,0.005920311870974235,0.005921884435386473,0.005920311870974235,0.005921884435386473
0.005472917295692431,0.005603833283011272,0.005611892675623994,0.005612482387278583,0.005611696105072464,0.005612482387278583,0.005611696105072464,0.005612482387278583,0.005611696105072464
0.010486842353562802,0.010708573935688406,0.010740614935587763,0.010745136058272946,0.010743366923309178,0.010745332628824477,0.010743366923309178,0.010745332628824477,0.010743366923309178
0.010040430631038648,0.010233659483192431,0.010259213654891304,0.010261965642612721,0.01026334163647343,0.0102631450659219,0.01026373477757649,0.0102631450659219,0.01026373477757649
0.009497699338264895,0.009635298724335748,0.009657707767210144,0.009659083761070853,0.009660459754931561,0.009658887190519324,0.009660263184380033,0.009659083761070853,0.009660263184380033
0.008909560248087763,0.009056005308977455,0.009077234928542673,0.009077824640197263,0.009076645216888083,0.009077234928542673,0.009076645216888083,0.009077431499094202,0.009076645216888083
0.008436414930555556,0.008606055316525765,0.008632199199879228,0.008634361475946055,0.008636916893115942,0.008634164905394525,0.008637113463667473,0.008634164905394525,0.008637113463667473
0.007901939600946055,0.00803875270481079,0.00805624748389694,0.00805683719555153,0.00805703376610306,0.008056640625,0.00805703376610306,0.008056640625,0.00805703376610306
0.007562462258454106,0.007717359853059581,0.007737213478764091,0.007737999760970209,0.007739572325382448,0.007738196331521739,0.007739572325382448,0.007738196331521739,0.007739572325382448
0.007182098241243961,0.007313997081320451,0.007331491860406603,0.00733286785426731,0.007329722725442834,0.007332671283715781,0.007334047277576489,0.007332671283715781,0.007334047277576489
0.006746104757950885,0.006900216070350242,0.006917121137781803,0.006918103990539453,0.006917907419987923,0.006918693702194042,0.006918103990539453,0.006918693702194042,0.006918103990539453
0.006443582679146538,0.006562311292270531,0.006580592353562802,0.006581378635768921,0.006581771776871981,0.006581968347423511,0.006581575206320451,0.006581771776871981,0.006581575206320451
0.006063022091384863,0.006166221630938004,0.006181750704508856,0.006183126698369565,0.006184306121678744,0.006183716410024155,0.006184502692230274,0.006183716410024155,0.006184502692230274
0.005705853399255233,0.005814950055354267,0.005820257460245571,0.005820060889694042,0.005819864319142512,0.005820060889694042,0.005819864319142512,0.005820060889694042,0.005819864319142512
0.00540824558423913,0.005507120571658615,0.005516162817028986,0.005513017688204509,0.005516359387580516,0.005513607399859098,0.005516359387580516,0.005513607399859098,0.005516359387580516
0.010500995433272946,0.01061127151268116,0.010622082893015299,0.01062070689915459,0.010622082893015299,0.01062031375805153,0.010621886322463768,0.01062031375805153,0.010621886322463768
0.00989614784621578,0.010016055882648953,0.01003649922000805,0.01003649922000805,0.010039251207729468,0.010037285502214171,0.010039251207729468,0.010037285502214171,0.010039251207729468
0.00953091976147343,0.009640999270330113,0.009656331773349437,0.009658690619967793,0.009658494049416265,0.009658887190519324,0.009658494049416265,0.009658887190519324,0.009658494049416265
0.008908970536433173,0.009018067192532207,0.009039689953200484,0.009038510529891304,0.009041459088164252,0.009039296812097423,0.009041459088164252,0.009039296812097423,0.009041459088164252
0.00837528148902979,0.008499514077596618,0.008518974562198068,0.00851622257447665,0.008518777991646537,0.00851622257447665,0.008518974562198068,0.00851622257447665,0.008518974562198068
0.007923562361614333,0.008014377956421095,0.008022044207930757,0.008025385907306764,0.008022633919585347,0.008025582477858293,0.008022633919585347,0.008025582477858293,0.008022633919585347
0.007493072853764091,0.007595486111111111,0.007599417522141707,0.007598631239935588,0.007600203804347826,0.007599417522141707,0.007600203804347826,0.007599417522141707,0.007600203804347826
0.00713649387328905,0.0072391037011876,0.007247359664351852,0.007248145946557971,0.007247359664351852,0.007247752805454912,0.007247163093800322,0.007247752805454912,0.007247163093800322
0.006683398752012883,0.006767334377516103,0.006777556046195652,0.006780504604468599,0.006780308033917069,0.006780897745571658,0.006780308033917069,0.006780897745571658,0.006780308033917069
0.006336451728562802,0.00641331081421095,0.00642333591233897,0.006423532482890499,0.00642333591233897,0.006423532482890499,0.00642333591233897,0.006423532482890499,0.00642333591233897
0.006023707981078905,0.006088183121980676,0.006090935109702093,0.006091328250805153,0.006091131680253623,0.006091524821356682,0.006091131680253623,0.006091524821356682,0.006091131680253623
0.005659266178542673,0.005721579043377617,0.005720006478965378,0.005720596190619967,0.005721185902274557,0.005720596190619967,0.005721185902274557,0.005720596190619967,0.005721185902274557
0.00539016109349839,0.005466233896940419,0.005471344731280193,0.005472524154589372,0.005471934442934783,0.005472327584037842,0.005472131013486313,0.005472327584037842,0.005472131013486313
0.010440058562298711,0.010513969089673914,0.010533626144826893,0.010532643292069243,0.01053480556813607,0.010533233003723833,0.010535002138687601,0.010533233003723833,0.010535002138687601
0.009890054159118358,0.00995334987671095,0.009967896097524154,0.009971827508554751,0.00997241722020934,0.00997202407910628,0.00997241722020934,0.00997202407910628,0.00997241722020934
0.009345357160829307,0.009417498553240741,0.009428506504126409,0.009429096215780999,0.009430668780193236,0.009428899645229468,0.009430668780193236,0.009428899645229468,0.009430668780193236
0.008895407168377617,0.008949070928945249,0.00895811317431562,0.00895791660376409,0.00895811317431562,0.00895791660376409,0.008962241155897745,0.008959489168176328,0.00895772003321256
0.008302157243860709,0.008386879151570048,0.008396314538043478,0.008397887102455717,0.008397887102455717,0.008397493961352658,0.008397887102455717,0.008379999182266505,0.008397887102455717
0.00789741847826087,0.007958355349235105,0.007973098140599839,0.007973491281702898,0.007974080993357488,0.007973687852254429,0.007974080993357488,0.007973687852254429,0.007974080993357488
0.007495431700382448,0.007579760466988728,0.00758644386574074,0.00758644386574074,0.007587623289049919,0.007586640436292271,0.007587623289049919,0.007586640436292271,0.007587623289049919
0.007150646952999195,0.007204507284118357,0.007209421547906603,0.007210600971215781,0.007209814689009662,0.007210600971215781,0.007209814689009662,0.007210600971215781,0.007209814689009662
0.00667671535326087,0.006725268279488728,0.006731165396034622,0.006729396261070854,0.006730379113828502,0.006729199690519324,0.006730379113828502,0.006729199690519324,0.006730379113828502
0.00629084736060789,0.006347066538345411,0.006372227568941223,0.006389132636372786,0.006368492728462158,0.006373013851147343,0.006371834427838164,0.006373013851147343,0.006352373943236715
0.006010144613023349,0.006058697539251208,0.006066953502415459,0.00606557750855475,0.006068329496276168,0.00606597064965781,0.006068526066827697,0.00606597064965781,0.006068526066827697
0.005559604908917069,0.005623293767612721,0.005628601172504025,0.005628994313607086,0.005628994313607086,0.005628994313607086,0.005628994313607086,0.005628994313607086,0.005628994313607086
0.005316840277777778,0.005365786345108696,0.005367752050623994,0.005370307467793881,0.005368538332830112,0.005370110897242351,0.005368538332830112,0.005365786345108696,0.005368538332830112
0.01045028023097826,0.01050807197312802,0.010506695979267311,0.010508858255334139,0.010508268543679549,0.010509054825885667,0.010508268543679549,0.010509054825885667,0.010508268543679549
0.009884157042572464,0.009945683625201289,0.009951384171195652,0.00995276016505636,0.00995374301781401,0.00995315330615942,0.00995374301781401,0.00995315330615942,0.00995374301781401
0.009348698860205314,0.009416319129931561,0.009417498553240741,0.00941828483544686,0.0094178916943438,0.0094178916943438,0.00941769512379227,0.0094178916943438,0.00941769512379227
0.008782559965193705,0.008827092476291364,0.008836353662227603,0.008837338894774012,0.008835565476190476,0.008840170843397745,0.008838401708433977,0.008840170843397745,0.008838401708433977
0.00837724719454509,0.008409288194444444,0.008417937298711755,0.008416954445954106,0.008418723580917874,0.008416954445954106,0.008419116722020933,0.008398869955213365,0.008419116722020933
0.007900170465982287,0.007946954257246376,0.007950295956622383,0.007949313103864734,0.007949902815519324,0.007949116533313205,0.007949902815519324,0.007949116533313205,0.007949902815519324
0.007419162326388889,0.00745572444897343,0.007456117590076489,0.007457297013385668,0.007456510731179549,0.007457297013385668,0.007456510731179549,0.007457297013385668,0.007456510731179549
0.007083223253824477,0.00712646877516103,0.007130203615640097,0.007130596756743156,0.007130007045088566,0.007130203615640097,0.007130007045088566,0.007130203615640097,0.007130007045088566
0.006682415899255233,0.00669479984400161,0.006695979267310789,0.006697355261171498,0.00669578269675926,0.006697158690619967,0.00669578269675926,0.006697158690619967,0.00669578269675926
0.006265686330012077,0.006297923900462963,0.006302838164251208,0.006303427875905797,0.006304017587560386,0.006303427875905797,0.006304017587560386,0.006303427875905797,0.006304017587560386
0.005963164251207729,0.006015648588466184,0.006020169711151368,0.00601938342894525,0.006020169711151368,0.00601938342894525,0.006020169711151368,0.00601938342894525,0.006020169711151368
0.005653369061996779,0.005669094706119163,0.005667325571155395,0.005667522141706924,0.005667129000603865,0.005667522141706924,0.005667129000603865,0.005667522141706924,0.005667129000603865
0.005344360154991948,0.005394878786735105,0.005391733657910628,0.005392913081219807,0.005391733657910628,0.005393109651771337,0.005394878786735105,0.005395665068941223,0.005391733657910628
