0.0,0.5,1.0,1.5,2.0,2.5,3.0,3.5,4.0,4.5,5.0,5.5,6.0,6.5,7.0,7.5
0.10557215073529412,0.0848045777738764,0.0817423045411985,0.08198461639747191,0.08268960674157304,0.08343757315074907,0.08423308754681648,0.08479909146769662,0.0853404070107678
0.10314468265503876,0.08064138576779026,0.07647362183988764,0.07554460732677902,0.07559306969803371,0.0761490153909176,0.07673330699906367,0.0772371327832397,0.07789091760299625
0.10169381806344698,0.07721061563670412,0.07159263810861423,0.06969711932350187,0.06911191333099251,0.06901041666666667,0.06923992714185394,0.06941914647705992,0.0696907186329588
0.09864378511235955,0.0724228991104869,0.06579452686095505,0.06286483936095505,0.06166333830758427,0.06093457397003745,0.06073432379447566,0.06059990929307116,0.06063008397705993
0.09742856829353932,0.0694228040145131,0.060678546348314606,0.056249268492509365,0.053984338424625467,0.05233021711142322,0.05141857590121723,0.0508031952247191,0.05026462283473783
0.09594269370318352,0.06678206197331461,0.05668268668071161,0.050985157713014984,0.04734956548455056,0.04483866602294007,0.04307573297050562,0.04174530372191011,0.04066724455758427
0.09467901451310862,0.06371795997191011,0.052177514922752806,0.04501331343632959,0.040109470095973786,0.03629282976357678,0.03333022442649813,0.030878759948501873,0.0288533985838015
0.0930386089653558,0.06048378247893258,0.04724166812968165,0.03863914003979401,0.032221076193820225,0.027066691537921347,0.02272062265917603,0.01928893814372659,0.016583274812734083
0.09127384714419476,0.057463570926966294,0.04253350304307116,0.03247436066245318,0.02438297343164794,0.01794662189840824,0.01281966877340824,0.009123727176966292,0.00674267029494382
0.0907974528909176,0.05582773730102996,0.03963399022705993,0.02792804160814607,0.01829500234082397,0.010925978757022472,0.006078827247191011,0.003471003043071161,0.0023060773642322096
0.08949628394194757,0.053358899520131085,0.03556863734784644,0.022216796875,0.01197386323735955,0.005308001228932584,0.0023015054424157305,0.001259107268258427,0.0010103947214419476
0.08776169680477527,0.05051973607209738,0.031677931882022475,0.01723614524812734,0.00704898905664794,0.0021103991104868916,0.0007644253277153558,0.0005120552434456928,0.0004873668656367041
0.08787416608146068,0.04966935861423221,0.029608680067883895,0.014468303780430711,0.004892870727996255,0.0011384085323033707,0.00035752428604868914,0.00026059954353932583,0.0002578563904494382
0.08651630530196629,0.04771623361423221,0.02651348899812734,0.010423067357209739,0.0020793100421348317,0.00030997629915730337,0.0001335001170411985,0.00012161312031835206,0.0001243562734082397
0.08563118123829588,0.04529494382022472,0.0227937734082397,0.006943834854868914,0.000846719920411985,8.869528323970037e-05,5.120552434456929e-05,5.394867743445693e-05,5.211990870786517e-05
0.08569884568117977,0.04514224163155431,0.022035748771067416,0.005727703651685393,0.0003483804424157303,2.1945224719101123e-05,2.011645599250936e-05,2.011645599250936e-05,2.011645599250936e-05
0.08528462956460674,0.04373683286516854,0.01971778441011236,0.003908078768726592,0.00012618504213483147,9.143843632958802e-06,8.229459269662921e-06,9.143843632958802e-06,8.229459269662921e-06
0.08348969305945693,0.04105220037453183,0.016241295060861423,0.0019823852996254682,1.6458918539325842e-05,3.6575374531835206e-06,5.486306179775281e-06,3.6575374531835206e-06,5.486306179775281e-06
0.08329218603698502,0.04076508368445693,0.015392746371722846,0.0014941040496254682,6.4006905430711614e-06,1.8287687265917603e-06,1.8287687265917603e-06,1.8287687265917603e-06,1.8287687265917603e-06
0.08277098694990637,0.03973548689138577,0.013923330699906367,0.0011118913857677902,1.8287687265917603e-06,0.0,0.0,0.0,0.0
0.08293466175093633,0.03941088044241573,0.013240285580524345,0.0007333362593632958,6.4006905430711614e-06,0.0,0.0,0.0,0.0
0.08290997337312735,0.03910181852762172,0.012647764513108613,0.0006117231390449439,1.8287687265917603e-06,9.143843632958802e-07,9.143843632958802e-07,9.143843632958802e-07,9.143843632958802e-07
0.08241254827949439,0.03808959503745318,0.011416088775749064,0.0003675825140449438,0.0,0.0,0.0,0.0,0.0
0.08137380764279026,0.037820766034644196,0.010925064372659176,0.00021579470973782773,0.0,0.0,0.0,0.0,0.0
0.08160606127106741,0.03678111101357678,0.009689731097846443,0.00014995903558052433,0.0,0.0,0.0,0.0,0.0
0.09779615080758428,0.07742823911516854,0.07388317093867042,0.07325956080290262,0.07340129037921349,0.07392431823501873,0.07443180155664794,0.07499049040262172,0.07538276129447566
0.09537668978230338,0.07361708508895132,0.06862180331226592,0.06712769926264045,0.06677383251404495,0.06695853815543071,0.06724108292368913,0.06764158327481273,0.06773119294241572
0.09331475304307116,0.06954350275046817,0.06319401773174158,0.060983950725655434,0.06000830261001873,0.05974038799157303,0.059706555770131085,0.05971935715121723,0.05975501814138577
0.09021681882022473,0.06444855307818352,0.05653821395131086,0.052804782595973786,0.05079953768726592,0.04956511879681648,0.048698282420411985,0.04821548747659176,0.04792379886470038
0.08798023466760299,0.0603703988178839,0.050623061505149815,0.045470505617977525,0.042093684164325844,0.03990830553604869,0.03822766707631086,0.03713406337780899,0.036131898115636704
0.08577108204588015,0.057596156659644196,0.04620841379915731,0.03949866134129214,0.03489747922518727,0.031538945458801496,0.029005186388108613,0.02695787979868914,0.0253458201661985
0.08543733175327715,0.05483563026685393,0.04197938611891386,0.03376364261470038,0.02773419212312734,0.023239078593164795,0.01982202422752809,0.017233402095037452,0.01524553048923221
0.08301969949672285,0.0506925547167603,0.035660990168539325,0.02552595388576779,0.018271228347378276,0.013109528616573034,0.009750994850187267,0.007697287570224719,0.006518646125936329
0.08243997981039326,0.04864524812734083,0.032318915320692886,0.02090556969803371,0.013056494323501873,0.008028294709737828,0.005227535404962547,0.003932767146535581,0.0033512186914794006
0.08065967345505617,0.04585271828183521,0.027949072448501873,0.015413777212078652,0.0072913009129213485,0.0034216262874531833,0.0020948545763108616,0.0017227001404494383,0.0016340048572097378
0.07940056618679775,0.04321654816245318,0.024078483438670414,0.010889403382490637,0.0038513869382022473,0.0014392409878277153,0.0009802200374531835,0.000907983672752809,0.0008942679073033708
0.07862791139981273,0.04127713892790262,0.020815045646067416,0.007684486189138577,0.0020500497425093634,0.0008293466175093633,0.0005842916081460674,0.0005056545529026217,0.0005010826310861424
0.07752424947331461,0.03950231887874532,0.018209964595037452,0.005134268199906367,0.0008266034644194756,0.0002807159995318352,0.00024596939372659176,0.000244140625,0.00024048308754681647
0.07603105980805243,0.036653097202715354,0.014567971676029962,0.0026837181062734083,0.0002487125468164794,0.00011886996722846443,0.00010881173923220973,0.00010881173923220973,0.0001106405079588015
0.07620845037453183,0.03656805945692884,0.013956248536985018,0.0021039984199438203,0.00011246927668539326,4.846237125468165e-05,4.6633602528089886e-05,4.571921816479401e-05,4.571921816479401e-05
0.07467502779728465,0.03412756759129214,0.010745845037453183,0.0008759802200374532,3.657537453183521e-05,2.1945224719101123e-05,2.1030840355805244e-05,2.1030840355805244e-05,2.1030840355805244e-05
0.07424526714653558,0.03251733672752809,0.008836610486891387,0.0004178736540262172,9.143843632958802e-06,8.229459269662921e-06,8.229459269662921e-06,8.229459269662921e-06,8.229459269662921e-06
0.07443180155664794,0.032510936036985016,0.00853852118445693,0.000312719452247191,1.8287687265917603e-06,1.8287687265917603e-06,1.8287687265917603e-06,1.8287687265917603e-06,1.8287687265917603e-06
0.07368200637874532,0.031004944990636704,0.007062704822097378,0.0001481302668539326,0.0,0.0,0.0,0.0,0.0
0.07289106390449439,0.03023777650983146,0.006155635533707865,5.577744616104869e-05,0.0,0.0,0.0,0.0,0.0
0.07325133134363296,0.029701947272940076,0.005350977294007491,2.1030840355805244e-05,0.0,0.0,0.0,0.0,0.0
0.0724887347846442,0.028867114349250936,0.004624956109550562,7.315074906367041e-06,0.0,0.0,0.0,0.0,0.0
0.07157160726825842,0.02740775690543071,0.0034005954470973784,0.0,0.0,0.0,0.0,0.0,0.0
0.07176179921582397,0.027244996488764044,0.0033768214536516856,3.6575374531835206e-06,0.0,0.0,0.0,0.0,0.0
0.07134209679307116,0.026764030313670414,0.002844649754213483,0.0,0.0,0.0,0.0,0.0,0.0
0.09009703446863296,0.07065082221441947,0.06638796231273408,0.06511696804775281,0.06496883778089887,0.06485819727294008,0.06515811534410113,0.06519743387172285,0.06553026977996254
0.08677416169241572,0.06556135884831461,0.05973673045411985,0.05768668071161049,0.05694602937734083,0.05682533064138577,0.05680064226357678,0.05698534790496255,0.0571508514747191
0.08415810802902622,0.060785529318820225,0.05368442035346442,0.05043104078885768,0.04882538184691011,0.047852476884363296,0.04744191830524345,0.04712371254681648,0.04708347963483146
0.08157954412453183,0.05651901187968165,0.0475187265917603,0.04293766093164794,0.040326179190074904,0.0387077188670412,0.037614115168539325,0.036921011821161046,0.03638335381554307
0.07997571395131087,0.05285598812031835,0.042104656776685394,0.03605691859784644,0.03226313787453183,0.02963702598314607,0.027868606624531837,0.026535434222846443,0.02557075871956929
0.0766153514161985,0.04779487066947566,0.03539764747191011,0.02781922986891386,0.022765427492977528,0.019494674625468163,0.01730563845973783,0.01577130149812734,0.01469507110252809
0.07523737418071161,0.04473991251170412,0.030729715297284643,0.021901334269662922,0.01627969920411985,0.012800466701779025,0.010702868972378278,0.009519655606273408,0.008864042017790261
0.07356679394897003,0.04182851269897004,0.026186139396067416,0.01624403821395131,0.010416666666666666,0.007313246137640449,0.006021221032303371,0.005395782127808989,0.005116894897003745
0.0723991251170412,0.039386192064606744,0.022241485252808987,0.011719664384363296,0.005996532654494382,0.003747147120786517,0.00297632110252809,0.0027495537804307114,0.0026297694288389514
0.07129546319054307,0.03701336464185393,0.018881122717696628,0.008128876989700374,0.0034280269779962545,0.002038162745786517,0.0016760665379213482,0.0016047445575842697,0.0015553678019662922
0.06843252574906367,0.03293429599719101,0.01404037189840824,0.004210739992977528,0.001380720388576779,0.0009244425912921349,0.000862264454588015,0.0008549493796816479,0.0008540349953183521
0.06859345739700375,0.032022654786985016,0.012223490168539327,0.0027980161516853934,0.0006958465004681648,0.00046176410346441947,0.0004407332631086142,0.0004462195692883895,0.0004416476474719101
0.06669610984316479,0.028827795821629212,0.00876254535346442,0.001190528441011236,0.00029991807116104866,0.00024231185627340824,0.00024139747191011235,0.000244140625,0.00024322624063670412
0.06494780694054307,0.02644491017088015,0.00647201252340824,0.0005001682467228464,0.00010698297050561798,9.966789559925094e-05,9.601035814606742e-05,9.783912687265917e-05,9.601035814606742e-05
0.06533276275749064,0.02574814928604869,0.005294285463483146,0.0002715721558988764,6.309252106741574e-05,5.852059925093633e-05,5.943498361423221e-05,5.943498361423221e-05,5.943498361423221e-05
0.06455004974250936,0.02448721324906367,0.004207082455524345,0.00010698297050561798,2.1945224719101123e-05,2.1030840355805244e-05,2.011645599250936e-05,2.1030840355805244e-05,2.011645599250936e-05
0.06340706928838952,0.02281206109550562,0.0030467286985018725,4.023291198501872e-05,4.571921816479401e-06,5.486306179775281e-06,4.571921816479401e-06,5.486306179775281e-06,4.571921816479401e-06
0.06371155928136704,0.022644728757022472,0.0026206255852059923,1.1886996722846442e-05,0.0,0.0,0.0,0.0,0.0
0.06251097261235955,0.020919285463483147,0.0017080699906367042,1.8287687265917603e-06,9.143843632958802e-07,9.143843632958802e-07,9.143843632958802e-07,9.143843632958802e-07,9.143843632958802e-07
0.061522523115636704,0.01947821570692884,0.0011969291315543072,2.7431530898876404e-06,0.0,0.0,0.0,0.0,0.0
0.06174380413155431,0.019194756554307114,0.000983877574906367,0.0,0.0,0.0,0.0,0.0,0.0
0.06120340297284644,0.018101152855805245,0.0008101445458801498,0.0,0.0,0.0,0.0,0.0,0.0
0.06091262874531835,0.017762830641385768,0.0005559456928838951,0.0,0.0,0.0,0.0,0.0,0.0
0.0601262581928839,0.01698560393258427,0.00035203797986891385,0.0,0.0,0.0,0.0,0.0,0.0
0.05935726094335206,0.015996240051498127,0.000289859843164794,0.0,0.0,0.0,0.0,0.0,0.0
0.08059018024344569,0.06212784556413858,0.05743613939606742,0.0560407888576779,0.055634802200374533,0.05566680565308989,0.055891744206460675,0.05612582660346442,0.05623646711142322
0.0789909219920412,0.05910580524344569,0.05283404289559925,0.05029022559691011,0.04897168334503745,0.048465114407771535,0.04822005939840824,0.04821365870786517,0.04825663477294007
0.07517519604400749,0.05283404289559925,0.04531048835440075,0.04165295090121723,0.039750117041198504,0.03865651334269663,0.038075879272003746,0.037809793422284646,0.037565652797284646
0.0726432657420412,0.04817891210205993,0.03865925649578652,0.03389988588483146,0.03117684925093633,0.029546501931179775,0.028488559222846443,0.027789055184925093,0.02733734930945693
0.06956179043773408,0.043582301907771535,0.032670038916198504,0.026641502808988762,0.02310283532303371,0.020941230688202247,0.019780876931179775,0.018913126170411985,0.01847513606039326
0.06678754827949439,0.039078958918539325,0.026462283473782773,0.019483702013108613,0.015390917602996254,0.013178107443820225,0.012018668071161049,0.011405116163389514,0.011053992567883895
0.06453816274578651,0.03532632549157303,0.021838241748595506,0.014207704236891387,0.010324313845973782,0.008374846383426966,0.007574760065543071,0.007228208391853933,0.007029786985018727
0.06355611393960674,0.032550254564606744,0.017548864700374533,0.009604693352059926,0.006162950608614232,0.004909329646535581,0.004468596383426966,0.00431680857911985,0.00427474689840824
0.06096200550093633,0.028612001111891387,0.012998888108614232,0.005794453710205993,0.0034518009714419474,0.0028400778323970036,0.0026562865753745318,0.0026270262757490635,0.0025922796699438203
0.060281703534644196,0.0268335235252809,0.010349916608146067,0.0036054175444756556,0.0018571146418539326,0.0015709123361423221,0.0015343369616104868,0.0015114773525280898,0.0014913608965355805
0.05901619557584269,0.024414976884363296,0.00753727030664794,0.001869001638576779,0.0009473022003745319,0.0008384904611423221,0.0008302610018726591,0.0008202027738764045,0.0008302610018726591
0.057668393024344566,0.022007402855805245,0.005425042427434457,0.0009857063436329587,0.0005175415496254681,0.0004645072565543071,0.0004645072565543071,0.00046816479400749064,0.0004663360252808989
0.055828651685393256,0.019514791081460675,0.003349389922752809,0.00037946951076779027,0.0002349967813670412,0.0002295104751872659,0.00022859609082397003,0.00023225362827715356,0.00022859609082397003
0.05410778031367041,0.017062412219101125,0.0021405737944756556,0.00018196248829588016,0.0001152124297752809,0.0001152124297752809,0.00011338366104868914,0.0001152124297752809,0.00011338366104868914
0.05379323209269663,0.01593131876170412,0.0013103127926029961,5.669183052434457e-05,3.748975889513108e-05,3.657537453183521e-05,3.8404143258426965e-05,3.657537453183521e-05,3.8404143258426965e-05
0.053576522998595506,0.01542749297752809,0.0010872030079588015,3.2917837078651684e-05,2.3773993445692884e-05,2.3773993445692884e-05,2.3773993445692884e-05,2.3773993445692884e-05,2.3773993445692884e-05
0.05167368913857678,0.013142446453651686,0.0004745654845505618,5.486306179775281e-06,5.486306179775281e-06,5.486306179775281e-06,5.486306179775281e-06,5.486306179775281e-06,5.486306179775281e-06
0.051693805594569285,0.012672452890917603,0.00031729137406367043,1.8287687265917603e-06,0.0,0.0,0.0,0.0,0.0
0.05042189694522472,0.011309105805243446,0.0002029933286516854,0.0,0.0,0.0,0.0,0.0,0.0
0.05068706841058052,0.010705612125468165,8.686651451310861e-05,0.0,0.0,0.0,0.0,0.0,0.0
0.04979737242509363,0.009938443644662922,5.669183052434457e-05,0.0,0.0,0.0,0.0,0.0,0.0
0.050102776802434454,0.010011594393726592,4.846237125468165e-05,0.0,0.0,0.0,0.0,0.0,0.0
0.04847060071395131,0.008405935451779025,1.737330290262172e-05,0.0,0.0,0.0,0.0,0.0,0.0
0.04804906952247191,0.007597619674625468,4.571921816479401e-06,0.0,0.0,0.0,0.0,0.0,0.0
0.048186227176966294,0.0077238047167602995,1.8287687265917603e-06,0.0,0.0,0.0,0.0,0.0,0.0
0.07269904318820225,0.05550038769897004,0.05058374297752809,0.04883452569054307,0.04827675122893258,0.04819811417368914,0.04816153879915731,0.048285895072565546,0.048380076661985016
0.06958190689372659,0.050411838717228465,0.044076983848314606,0.04140423835440075,0.040284117509363296,0.039691596441947564,0.039438311973314606,0.0393285858497191,0.039268236481741575
0.06561987944756555,0.04436867246020599,0.036399812734082396,0.03276056296816479,0.031105527270599252,0.030289896418539325,0.029706519194756555,0.029395628511235956,0.029229210557116105
0.06304863061797752,0.04028686066245318,0.03114758895131086,0.02680243445692884,0.024542076310861423,0.023325945107677902,0.022597180770131085,0.022144560510299626,0.021920536341292134
0.06074986832865169,0.03597553838951311,0.025586303253745318,0.020318534936797753,0.017669563436329586,0.016343706109550563,0.01559391093164794,0.015187009889981274,0.01495475626170412
0.05662233731273408,0.030300869030898875,0.018728420529026218,0.01351002896769663,0.011278016736891387,0.010368204295411985,0.00999879301264045,0.00981683052434457,0.009740022237827715
0.05559914121020599,0.027531198794475655,0.015015105629681648,0.00957268989934457,0.007518068235018727,0.006817649812734083,0.006542420119382023,0.006475670060861423,0.006413491924157303
0.052774607911985016,0.023782222904962548,0.011018331577715356,0.006129118387172285,0.004610325959737828,0.004209825608614232,0.004058952188670412,0.0040104898174157305,0.003993116514513109
0.050342345505617975,0.019970154494382022,0.007326047518726592,0.0034746605805243444,0.0026800605688202246,0.0025611906015917604,0.0025154713834269664,0.002509070692883895,0.0025008412336142323
0.04907409439372659,0.017538806472378276,0.004954134480337079,0.0019595256905430712,0.0014840458216292135,0.0014328402972846443,0.00143375468164794,0.0014172957631086143,0.0014227820692883895
0.04752878481975655,0.015140376287453183,0.003083304073033708,0.0010323399461610488,0.000862264454588015,0.0008549493796816479,0.0008458055360486891,0.0008485486891385768,0.000846719920411985
0.045817057291666664,0.012929394897003746,0.0018836317883895132,0.0005312573150749064,0.00046267848782771535,0.0004535346441947566,0.0004517058754681648,0.00044987710674157305,0.00045079149110486893
0.045240995142790265,0.01169863354400749,0.0011466379915730338,0.000267000234082397,0.00023591116573033709,0.0002349967813670412,0.00023316801264044944,0.0002349967813670412,0.00023316801264044944
0.043735004096441946,0.009842433286516855,0.0006245245201310861,0.0001252706577715356,0.0001060685861423221,0.00011246927668539326,0.00010789735486891386,0.00011246927668539326,0.00010789735486891386
0.04212111569522472,0.008150822214419476,0.0003200345271535581,5.394867743445693e-05,5.211990870786517e-05,5.211990870786517e-05,5.211990870786517e-05,5.211990870786517e-05,5.211990870786517e-05
0.04109791959269663,0.006803934047284644,0.00013990080758426965,2.011645599250936e-05,1.9202071629213483e-05,2.011645599250936e-05,1.9202071629213483e-05,2.011645599250936e-05,1.9202071629213483e-05
0.040255771594101125,0.005886806530898877,4.1147296348314606e-05,2.7431530898876404e-06,2.7431530898876404e-06,2.7431530898876404e-06,2.7431530898876404e-06,2.7431530898876404e-06,2.7431530898876404e-06
0.039957682291666664,0.005394867743445693,2.1030840355805244e-05,5.486306179775281e-06,5.486306179775281e-06,5.486306179775281e-06,5.486306179775281e-06,5.486306179775281e-06,5.486306179775281e-06
0.03873515039794007,0.004326866807116105,1.3715765449438202e-05,0.0,0.0,0.0,0.0,0.0,0.0
0.039096332221441946,0.004276575667134831,0.0,0.0,0.0,0.0,0.0,0.0,0.0
0.03876806823501873,0.0038084108731273407,0.0,0.0,0.0,0.0,0.0,0.0,0.0
0.03751993357911985,0.0031317664442883893,9.143843632958802e-07,0.0,0.0,0.0,0.0,0.0,0.0
0.03750438904494382,0.003043985545411985,0.0,0.0,0.0,0.0,0.0,0.0,0.0
0.03701153587312734,0.002608738588483146,0.0,0.0,0.0,0.0,0.0,0.0,0.0
0.03622790847378277,0.002328022588951311,0.0,0.0,0.0,0.0,0.0,0.0,0.0
0.06448695722144195,0.048787892088014984,0.04428729225187266,0.042675232619382025,0.04206442386470038,0.041958355278558054,0.04191355044475655,0.0418815469920412,0.041953783356741575
0.060042134831460675,0.04216226299157303,0.036451932642790265,0.0341796875,0.033356741573033706,0.033038535814606744,0.03285474455758427,0.032835542485955056,0.03285474455758427
0.057540379213483143,0.037893002399344566,0.030878759948501873,0.02787226416198502,0.026545492450842697,0.025870676790730338,0.025585388869382022,0.025330275632022472,0.025296443410580523
0.052837700433052436,0.03169896272237828,0.023795938670411985,0.020631254389044944,0.01924047577247191,0.018646125936329586,0.018381868855337078,0.018275800269194755,0.01818619060159176
0.05085714390215356,0.027907925152153557,0.019063999590355804,0.015493328651685394,0.014121752106741573,0.013548433110955056,0.01331892263576779,0.013184508134363296,0.013111357385299626
0.047253555126404494,0.02321713336844569,0.013871210791198503,0.010541937324438201,0.009451076779026218,0.00908440864934457,0.008930792076310862,0.008836610486891387,0.008843011177434457
0.04489170031601124,0.01961537336142322,0.010031710849719102,0.0070828212780898875,0.006276334269662921,0.006133690308988764,0.006061453944288389,0.00599470388576779,0.005996532654494382
0.04304190074906367,0.016406798630617978,0.006987725304307116,0.004507000526685393,0.0039647705992509365,0.0038779040847378276,0.0038550444756554306,0.003861445166198502,0.0038495581694756556
0.039951281601123594,0.013130559456928838,0.004439336083801498,0.0027897866924157305,0.002524615227059925,0.0024999268492509365,0.0024962693117977527,0.0024816391619850186,0.0024926117743445694
0.03922434603230337,0.011314592111423221,0.002839163448033708,0.001609316479400749,0.0014794738998127341,0.0014639293656367042,0.0014593574438202248,0.0014566142907303371,0.001457528675093633
0.036196819405430715,0.00845165466994382,0.0016257753979400749,0.0009125555945692883,0.0008723226825842696,0.0008640932233146067,0.0008668363764044943,0.0008640932233146067,0.0008686651451310861
0.034826157244850185,0.006577166725187266,0.0008028294709737828,0.0004590209503745318,0.00045444902855805246,0.00044347641619850187,0.0004517058754681648,0.0004416476474719101,0.0004517058754681648
0.033690491865636704,0.00553751170411985,0.00041695926966292134,0.0002304248595505618,0.0002267673220973783,0.0002295104751872659,0.0002267673220973783,0.0002295104751872659,0.0002267673220973783
0.03273861774344569,0.004295777738764045,0.00018196248829588016,9.966789559925094e-05,9.875351123595505e-05,9.875351123595505e-05,9.875351123595505e-05,9.875351123595505e-05,9.875351123595505e-05
0.032181757666198504,0.0037489758895131084,8.960966760299626e-05,4.023291198501872e-05,3.8404143258426965e-05,3.931852762172285e-05,3.8404143258426965e-05,3.931852762172285e-05,3.8404143258426965e-05
0.030607187792602995,0.002563933754681648,3.931852762172285e-05,1.6458918539325842e-05,1.6458918539325842e-05,1.6458918539325842e-05,1.6458918539325842e-05,1.6458918539325842e-05,1.6458918539325842e-05
0.029253898934925093,0.001961354459269663,1.9202071629213483e-05,1.2801381086142323e-05,1.3715765449438202e-05,1.2801381086142323e-05,1.3715765449438202e-05,1.2801381086142323e-05,1.3715765449438202e-05
0.02938099836142322,0.0016422343164794009,3.6575374531835206e-06,1.8287687265917603e-06,9.143843632958802e-07,1.8287687265917603e-06,9.143843632958802e-07,1.8287687265917603e-06,9.143843632958802e-07
0.027606178312265917,0.0011201208450374533,1.8287687265917603e-06,1.8287687265917603e-06,1.8287687265917603e-06,1.8287687265917603e-06,1.8287687265917603e-06,1.8287687265917603e-06,1.8287687265917603e-06
0.027205677961142323,0.0009262713600187266,9.143843632958802e-07,9.143843632958802e-07,9.143843632958802e-07,9.143843632958802e-07,9.143843632958802e-07,9.143843632958802e-07,9.143843632958802e-07
0.026764030313670414,0.0007488807935393259,0.0,0.0,0.0,0.0,0.0,0.0,0.0
0.026573838366104868,0.0006281820575842696,0.0,0.0,0.0,0.0,0.0,0.0,0.0
0.025877991865636704,0.00043341818820224717,0.0,0.0,0.0,0.0,0.0,0.0,0.0
0.025760036282771535,0.00038861335440074904,0.0,0.0,0.0,0.0,0.0,0.0,0.0
0.02621905723314607,0.0003913565074906367,0.0,0.0,0.0,0.0,0.0,0.0,0.0
0.056674457221441946,0.04271729430009363,0.03879001345973783,0.03753913565074907,0.03718344013342697,0.037007878335674156,0.03688077890917603,0.03691369674625468,0.036892665905898875
0.05200835381554307,0.0365772033005618,0.03191292866338951,0.0302734375,0.029746752106741572,0.029480666257022472,0.029466950491573034,0.029440433345037452,0.029420316889044944
0.04785796319054307,0.030695883075842697,0.025194946746254682,0.02320890390917603,0.022634670529026218,0.022320122308052436,0.022191194112827717,0.022155533122659176,0.022138159819756555
0.04438055945692884,0.026028865285580523,0.019889688670411985,0.017947536282771535,0.017290093925561797,0.017069727294007492,0.016962744323501873,0.016894165496254682,0.016822843515917604
0.04113815250468165,0.021368248185861423,0.014882519897003746,0.01292390859082397,0.01235790466994382,0.012104620201310862,0.012058900983146067,0.012012267380617978,0.011980263927902622
0.038455348782771535,0.017607385299625467,0.011036619264981274,0.009238025222378278,0.008745172050561799,0.008595213014981274,0.008554980102996254,0.008544007490636704,0.00851383280664794
0.035952678780430715,0.013982765683520599,0.007437602411048689,0.006008419651217229,0.005705758426966292,0.005621635065543071,0.005618891912453183,0.005611576837546817,0.005589631612827715
0.03285840209503745,0.010595886001872659,0.004816062441479401,0.003876075316011236,0.0037288594335205994,0.0037188012055243444,0.003692284058988764,0.003692284058988764,0.0036831402153558053
0.029968947507022472,0.007605849133895131,0.0029013415847378276,0.002365512347846442,0.002318878745318352,0.0023252794358614233,0.0023143068235018725,0.0023252794358614233,0.0023152212078651683
0.02914874473314607,0.006330282947097378,0.0018909468632958802,0.001457528675093633,0.0014310115285580524,0.0014310115285580524,0.0014310115285580524,0.0014218676849250937,0.0014246108380149812
0.02781648671582397,0.004624956109550562,0.0010808023174157303,0.000846719920411985,0.0008348329236891386,0.0008320897705992509,0.0008311753862359551,0.0008320897705992509,0.0008311753862359551
0.0248136484667603,0.003066845154494382,0.000556860077247191,0.0004754798689138577,0.000465421640917603,0.00047182233146067417,0.000465421640917603,0.00047182233146067417,0.000465421640917603
0.02355271242977528,0.0021396594101123594,0.00026974338717228465,0.00023408239700374532,0.0002258529377340824,0.00023225362827715356,0.0002258529377340824,0.00023225362827715356,0.0002258529377340824
0.022808403558052436,0.0015773130266853932,0.0001197843515917603,0.00011155489232209738,0.00010881173923220973,0.0001106405079588015,0.00010881173923220973,0.0001106405079588015,0.00010881173923220973
0.021276809749531837,0.0009509597378277154,6.675005852059925e-05,6.034936797752809e-05,5.852059925093633e-05,5.943498361423221e-05,5.852059925093633e-05,5.943498361423221e-05,5.852059925093633e-05
0.019970154494382022,0.0005733189957865169,3.0174683988764044e-05,2.5602762172284646e-05,2.5602762172284646e-05,2.4688377808988763e-05,2.5602762172284646e-05,2.4688377808988763e-05,2.5602762172284646e-05
0.01952210615636704,0.00038495581694756556,6.4006905430711614e-06,8.229459269662921e-06,7.315074906367041e-06,8.229459269662921e-06,7.315074906367041e-06,8.229459269662921e-06,7.315074906367041e-06
0.018169731683052436,0.0002121371722846442,2.7431530898876404e-06,2.7431530898876404e-06,2.7431530898876404e-06,2.7431530898876404e-06,2.7431530898876404e-06,2.7431530898876404e-06,2.7431530898876404e-06
0.01793107736423221,0.00014995903558052433,9.143843632958802e-07,9.143843632958802e-07,9.143843632958802e-07,9.143843632958802e-07,9.143843632958802e-07,9.143843632958802e-07,9.143843632958802e-07
0.017792090941011238,0.0001289281952247191,0.0,0.0,0.0,0.0,0.0,0.0,0.0
0.0168237579002809,4.937675561797753e-05,0.0,0.0,0.0,0.0,0.0,0.0,0.0
0.015968808520599252,3.748975889513108e-05,0.0,0.0,0.0,0.0,0.0,0.0,0.0
0.016028243504213485,2.1030840355805244e-05,0.0,0.0,0.0,0.0,0.0,0.0,0.0
0.015706380208333332,2.011645599250936e-05,0.0,0.0,0.0,0.0,0.0,0.0,0.0
0.015018763167134831,1.5544534176029963e-05,0.0,0.0,0.0,0.0,0.0,0.0,0.0
0.04925971441947566,0.03753547811329588,0.034679855746722846,0.034026070926966294,0.033805704295411985,0.03387611189138577,0.03387702627574907,0.03391725918773408,0.03394651948735955
0.04514681355337079,0.031830634070692886,0.028196870610955056,0.027294373244382022,0.027014571629213485,0.026904845505617978,0.02685546875,0.02688381466526217,0.026783232385299626
0.0408830392673221,0.026454968398876403,0.022353040145131085,0.021181713775749064,0.02083607648642322,0.02074098051264045,0.02073457982209738,0.020731836669007492,0.020697090063202247
0.03672350479868914,0.02127589536516854,0.01724071716994382,0.016058418188202247,0.015818849485018726,0.015714609667602995,0.01568717813670412,0.015645116455992508,0.01562042807818352
0.034141283356741575,0.017586354459269662,0.013128730688202247,0.01200495230571161,0.011715092462546817,0.011658400632022472,0.01162548279494382,0.011601708801498127,0.011591650573501873
0.030383163623595506,0.013193651977996254,0.009001199672284644,0.008144421523876405,0.007977089185393258,0.00794325696395131,0.00791673981741573,0.007904852820692884,0.007907595973782771
0.027458048045411985,0.009945758719569289,0.00615014922752809,0.005561285697565543,0.005478076720505618,0.005484477411048689,0.005446987652153558,0.005452473958333333,0.005436929424157303
0.024635343515917604,0.007156886411516854,0.004012318586142322,0.003662109375,0.0036355922284644197,0.0035981024695692886,0.0036063319288389514,0.0035971880852059923,0.0035981024695692886
0.022468252574906367,0.005024542076310861,0.0024980980805243444,0.002296019136235955,0.0022795602176966293,0.002265844452247191,0.0022914472144194755,0.002280474602059925,0.0022923615987827713
0.020215209503745318,0.0034700886587078652,0.001526107502340824,0.001411809456928839,0.0013980936914794009,0.0014054087663857677,0.0013935217696629213,0.001403579997659176,0.001396264922752809
0.018285858497191013,0.0022146389279026216,0.0008229459269662921,0.0007680828651685394,0.0007644253277153558,0.0007607677902621723,0.0007635109433520599,0.0007607677902621723,0.0007635109433520599
0.017412621430243445,0.0014566142907303371,0.00046816479400749064,0.0004416476474719101,0.0004370757256554307,0.00044347641619850187,0.00043890449438202246,0.00044439080056179775,0.00043981887874531834
0.015707294592696628,0.0009134699789325843,0.00022219540028089888,0.00021670909410112358,0.00021305155664794008,0.00021762347846441947,0.00021305155664794008,0.00021762347846441947,0.00021305155664794008
0.013950762230805243,0.0004763942532771536,9.69247425093633e-05,0.0001014966643258427,9.875351123595505e-05,0.0001014966643258427,9.875351123595505e-05,0.0001014966643258427,9.875351123595505e-05
0.012972370962078652,0.00025877077481273406,5.394867743445693e-05,5.394867743445693e-05,5.486306179775281e-05,5.486306179775281e-05,5.486306179775281e-05,5.486306179775281e-05,5.486306179775281e-05
0.012468545177902622,0.00014538711376404495,1.9202071629213483e-05,1.9202071629213483e-05,1.9202071629213483e-05,1.9202071629213483e-05,1.9202071629213483e-05,1.9202071629213483e-05,1.9202071629213483e-05
0.01208267497659176,8.412336142322098e-05,7.315074906367041e-06,6.4006905430711614e-06,7.315074906367041e-06,6.4006905430711614e-06,7.315074906367041e-06,6.4006905430711614e-06,7.315074906367041e-06
0.010791564255617978,3.2917837078651684e-05,9.143843632958802e-07,1.8287687265917603e-06,9.143843632958802e-07,1.8287687265917603e-06,9.143843632958802e-07,1.8287687265917603e-06,9.143843632958802e-07
0.010519077715355806,1.6458918539325842e-05,9.143843632958802e-07,9.143843632958802e-07,9.143843632958802e-07,9.143843632958802e-07,9.143843632958802e-07,9.143843632958802e-07,9.143843632958802e-07
0.009864378511235955,7.315074906367041e-06,0.0,0.0,0.0,0.0,0.0,0.0,0.0
0.009291059515449437,1.8287687265917603e-06,0.0,0.0,0.0,0.0,0.0,0.0,0.0
0.008603442474250936,0.0,0.0,0.0,0.0,0.0,0.0,0.0,0.0
0.008542178721910113,9.143843632958802e-07,0.0,0.0,0.0,0.0,0.0,0.0,0.0
0.007378167427434457,0.0,0.0,0.0,0.0,0.0,0.0,0.0,0.0
0.00730867421582397,0.0,0.0,0.0,0.0,0.0,0.0,0.0,0.0
0.043473490168539325,0.033812104985955056,0.031706277797284646,0.03128566099016854,0.031217082162921347,0.03124085615636704,0.031230797928370788,0.03127560276217228,0.031294804833801496
0.03844803370786517,0.027979247132490635,0.02544640244616105,0.025001097261235956,0.02490051498127341,0.02487582660346442,0.02482919300093633,0.024901429365636704,0.024873083450374533
0.034292156776685394,0.022770913799157303,0.020074394311797753,0.01951387669709738,0.01931545529026217,0.019288023759363296,0.01929168129681648,0.019303568293539325,0.019298996371722846
0.029619652680243445,0.01756532361891386,0.015056252926029962,0.014557913448033708,0.014450016093164793,0.014429899637172285,0.01441069756554307,0.014416183871722846,0.014403382490636704
0.02637358819054307,0.013788916198501873,0.011260643433988764,0.010852828007958802,0.010701040203651686,0.010686410053838951,0.010699211434925094,0.010701954588014982,0.010703783356741573
0.02353076720505618,0.010541022940074906,0.008328212780898877,0.008015493328651686,0.007945085732677902,0.007938685042134831,0.007919482970505619,0.007929541198501873,0.007915825433052434
0.020435576135299626,0.007704602645131086,0.005694785814606741,0.00543327188670412,0.005443330114700375,0.005425042427434457,0.005453388342696629,0.0054195561212546815,0.005438758192883895
0.017534234550561797,0.005201932642790262,0.0036593662219101125,0.0035587839419475653,0.0035276948735955055,0.003548725713951311,0.003539581870318352,0.0035532976357677904,0.0035414106390449437
0.01569357882724719,0.003486547577247191,0.0022695019897003743,0.0021881217813670413,0.0021917793188202246,0.0021908649344569288,0.0021926937031835204,0.0021835498595505617,0.0021908649344569288
0.01392241631554307,0.002274073911516854,0.0014639293656367042,0.0014246108380149812,0.0014127238412921348,0.0014209533005617976,0.0014163813787453183,0.0014209533005617976,0.0014172957631086143
0.012299384070692884,0.0013249429424157303,0.0007817986306179775,0.0007726547869850187,0.0007717404026217229,0.0007735691713483147,0.0007744835557116105,0.0007753979400749064,0.0007744835557116105
0.010068286224250936,0.0006949321161048689,0.000396842813670412,0.0004050722729400749,0.00040232911985018727,0.0004050722729400749,0.00040232911985018727,0.0004050722729400749,0.00040232911985018727
0.009217908766385768,0.0004187880383895131,0.00023591116573033709,0.00023773993445692885,0.00023225362827715356,0.00023408239700374532,0.00023225362827715356,0.00023408239700374532,0.00023225362827715356
0.008167281132958802,0.00019293510065543072,0.00011155489232209738,0.00011246927668539326,0.0001106405079588015,0.00011246927668539326,0.0001106405079588015,0.00011246927668539326,0.0001106405079588015
0.007478749707397004,9.509597378277154e-05,4.3890449438202246e-05,4.480483380149813e-05,4.3890449438202246e-05,4.480483380149813e-05,4.3890449438202246e-05,4.480483380149813e-05,4.3890449438202246e-05
0.006626543480805243,4.6633602528089886e-05,1.9202071629213483e-05,2.1030840355805244e-05,2.011645599250936e-05,2.1030840355805244e-05,2.011645599250936e-05,2.1030840355805244e-05,2.011645599250936e-05
0.005977330582865169,1.6458918539325842e-05,5.486306179775281e-06,5.486306179775281e-06,5.486306179775281e-06,5.486306179775281e-06,5.486306179775281e-06,5.486306179775281e-06,5.486306179775281e-06
0.005202847027153558,3.6575374531835206e-06,9.143843632958802e-07,9.143843632958802e-07,9.143843632958802e-07,9.143843632958802e-07,9.143843632958802e-07,9.143843632958802e-07,9.143843632958802e-07
0.004955963249063671,1.8287687265917603e-06,9.143843632958802e-07,9.143843632958802e-07,9.143843632958802e-07,9.143843632958802e-07,9.143843632958802e-07,9.143843632958802e-07,9.143843632958802e-07
0.004133931706460674,0.0,0.0,0.0,0.0,0.0,0.0,0.0,0.0
0.0038897910814606742,0.0,0.0,0.0,0.0,0.0,0.0,0.0,0.0
0.0034664311212546815,0.0,0.0,0.0,0.0,0.0,0.0,0.0,0.0
0.0035670134012172287,0.0,0.0,0.0,0.0,0.0,0.0,0.0,0.0
0.0033475611540262173,0.0,0.0,0.0,0.0,0.0,0.0,0.0,0.0
0.002839163448033708,0.0,0.0,0.0,0.0,0.0,0.0,0.0,0.0
0.038302646594101125,0.031049749824438203,0.029728464419475655,0.029440433345037452,0.029454149110486893,0.029453234726123597,0.029538272471910113,0.029573933462078653,0.029590392380617978
0.03354144721441948,0.02564573823735955,0.024202839712078653,0.023924866865636704,0.023896520950374533,0.023937668246722846,0.023948640859082396,0.024012647764513107,0.02400990461142322
0.028946665788857677,0.020408144604400748,0.018768653441011238,0.018569317649812733,0.018483365519662922,0.018497995669475655,0.018505310744382022,0.018536399812734083,0.018535485428370788
0.024593281835205993,0.015720095973782773,0.014296399520131085,0.014109865110018726,0.014076032888576779,0.01409157742275281,0.014076032888576779,0.014056830816947566,0.014067803429307116
0.020896425854400748,0.01203146945224719,0.010648005910580524,0.010490731800093633,0.010464214653558053,0.010469700959737828,0.01045141327247191,0.010461471500468165,0.010436783122659176
0.017776546406835205,0.008899703007958802,0.0077539794007490635,0.007639681355337079,0.007618650514981273,0.007580246371722847,0.007624136821161049,0.007596705290262172,0.007614078593164794
0.014672211493445693,0.006205926673689139,0.005296114232209738,0.005250395014044944,0.005223877867509363,0.005238508017322097,0.005226621020599251,0.00524673747659176,0.005226621020599251
0.012685254272003746,0.00421256876170412,0.003577986013576779,0.003524951720505618,0.003509407186329588,0.003516722261235955,0.0035075784176029964,0.003501177727059925,0.003510321570692884
0.010766875877808989,0.002709320868445693,0.0022310978464419474,0.0022146389279026216,0.0022164676966292137,0.002211895774812734,0.00221281015917603,0.0022100670060861425,0.0022146389279026216
0.008770774812734082,0.0017199569873595506,0.0014428985252808988,0.0014218676849250937,0.0014355834503745318,0.0014310115285580524,0.0014364978347378278,0.0014310115285580524,0.0014364978347378278
0.007500694932116105,0.0009207850538389513,0.0007452232560861424,0.0007507095622659176,0.0007461376404494382,0.0007534527153558052,0.0007470520248127341,0.0007534527153558052,0.0007470520248127341
0.005747820107677903,0.0005010826310861424,0.00041147296348314604,0.0004069010416666667,0.0004105585791198502,0.0004069010416666667,0.0004105585791198502,0.0004069010416666667,0.0004105585791198502
0.005349148525280899,0.0003145482209737828,0.00022310978464419476,0.00022219540028089888,0.00022219540028089888,0.00022219540028089888,0.00022219540028089888,0.00022219540028089888,0.00022219540028089888
0.0043817298689138575,0.00013624327013108615,0.00010515420177902622,0.00010515420177902622,0.00010423981741573033,0.00010515420177902622,0.00010423981741573033,0.00010515420177902622,0.00010423981741573033
0.0035578695575842695,5.852059925093633e-05,4.754798689138577e-05,4.937675561797753e-05,4.846237125468165e-05,4.937675561797753e-05,4.846237125468165e-05,4.937675561797753e-05,4.846237125468165e-05
0.002883968281835206,2.1945224719101123e-05,1.9202071629213483e-05,1.9202071629213483e-05,1.9202071629213483e-05,1.9202071629213483e-05,1.9202071629213483e-05,1.9202071629213483e-05,1.9202071629213483e-05
0.0024158034878277155,5.486306179775281e-06,2.7431530898876404e-06,2.7431530898876404e-06,2.7431530898876404e-06,2.7431530898876404e-06,2.7431530898876404e-06,2.7431530898876404e-06,2.7431530898876404e-06
0.0022530430711610486,2.7431530898876404e-06,3.6575374531835206e-06,3.6575374531835206e-06,3.6575374531835206e-06,3.6575374531835206e-06,3.6575374531835206e-06,3.6575374531835206e-06,3.6575374531835206e-06
0.0018379125702247191,9.143843632958802e-07,9.143843632958802e-07,9.143843632958802e-07,9.143843632958802e-07,9.143843632958802e-07,9.143843632958802e-07,9.143843632958802e-07,9.143843632958802e-07
0.0014355834503745318,0.0,0.0,0.0,0.0,0.0,0.0,0.0,0.0
0.0012938538740636704,0.0,0.0,0.0,0.0,0.0,0.0,0.0,0.0
0.001190528441011236,0.0,0.0,0.0,0.0,0.0,0.0,0.0,0.0
0.0009893638810861422,0.0,0.0,0.0,0.0,0.0,0.0,0.0,0.0
0.0010551995552434458,0.0,0.0,0.0,0.0,0.0,0.0,0.0,0.0
0.0009043261352996255,0.0,0.0,0.0,0.0,0.0,0.0,0.0,0.0
0.034213519721441946,0.02926578593164794,0.028594627808988762,0.028454727001404494,0.028469357151217227,0.028505932525749064,0.0285196482911985,0.028580912043539325,0.02855348051264045
0.0292081797167603,0.023789537979868915,0.022921787219101125,0.02284680770131086,0.022854122776217227,0.02288521184456929,0.02286966731039326,0.022914472144194755,0.022903499531835205
0.02476061417368914,0.019062170821629212,0.018249283122659176,0.018135899461610486,0.018116697389981274,0.01813498507724719,0.018113954236891387,0.018146872073970036,0.01812218369616105
0.020673316069756555,0.014588088132022472,0.013764227820692884,0.01370936475889513,0.013674618153089887,0.013685590765449437,0.013652672928370786,0.013705707221441947,0.01367827569054307
0.017079785522003746,0.010900375994850187,0.010197214419475655,0.010147837663857679,0.010148752048220975,0.010146923279494381,0.010182584269662922,0.010150580816947566,0.010183498654026218
0.013829149110486891,0.007911253511235955,0.00743303048923221,0.00743303048923221,0.007426629798689139,0.007425715414325843,0.007422972261235955,0.007436688026685393,0.007426629798689139
0.011156403616573034,0.005590545997191011,0.005208333333333333,0.005194617567883895,0.005187302492977528,0.005186388108614232,0.00517358672752809,0.005182730571161049,0.005171757958801498
0.009071607268258427,0.0037105717462546815,0.0034691742743445694,0.0034673455056179773,0.0034463146652621724,0.0034463146652621724,0.0034389995903558053,0.0034389995903558053,0.0034362564372659174
0.007325133134363296,0.0024532932467228466,0.002220125234082397,0.0021881217813670413,0.0021926937031835204,0.002182635475187266,0.0021945224719101125,0.00218172109082397,0.0021926937031835204
0.005399439665262172,0.0014776451310861422,0.0013752340823970039,0.0013724909293071162,0.0013624327013108614,0.001365175854400749,0.0013624327013108614,0.001366090238764045,0.0013624327013108614
0.004400931940543071,0.0008339185393258427,0.0007735691713483147,0.0007772267088014981,0.0007808842462546816,0.0007790554775280898,0.0007808842462546816,0.0007790554775280898,0.0007808842462546816
0.0036794826779026216,0.00047365110018726594,0.00044530518492509364,0.0004471339536516854,0.00044530518492509364,0.0004471339536516854,0.00044530518492509364,0.0004471339536516854,0.00044530518492509364
0.002563933754681648,0.0002487125468164794,0.0002395687031835206,0.00023591116573033709,0.00023682555009363297,0.00023591116573033709,0.00023682555009363297,0.00023591116573033709,0.00023682555009363297
0.0019384948501872659,0.0001060685861423221,9.235282069288389e-05,9.052405196629214e-05,9.052405196629214e-05,9.052405196629214e-05,9.052405196629214e-05,9.052405196629214e-05,9.052405196629214e-05
0.0013404874765917602,4.846237125468165e-05,4.1147296348314606e-05,4.023291198501872e-05,4.1147296348314606e-05,4.023291198501872e-05,4.1147296348314606e-05,4.023291198501872e-05,4.1147296348314606e-05
0.0012344188904494383,1.4630149812734083e-05,1.2801381086142323e-05,1.3715765449438202e-05,1.2801381086142323e-05,1.3715765449438202e-05,1.2801381086142323e-05,1.3715765449438202e-05,1.2801381086142323e-05
0.0009171275163857678,5.486306179775281e-06,4.571921816479401e-06,4.571921816479401e-06,4.571921816479401e-06,4.571921816479401e-06,4.571921816479401e-06,4.571921816479401e-06,4.571921816479401e-06
0.0006665862008426966,0.0,0.0,0.0,0.0,0.0,0.0,0.0,0.0
0.0005065689372659176,9.143843632958802e-07,9.143843632958802e-07,9.143843632958802e-07,9.143843632958802e-07,9.143843632958802e-07,9.143843632958802e-07,9.143843632958802e-07,9.143843632958802e-07
0.000373983204588015,0.0,0.0,0.0,0.0,0.0,0.0,0.0,0.0
0.00037489758895131086,0.0,0.0,0.0,0.0,0.0,0.0,0.0,0.0
0.0003182057584269663,0.0,0.0,0.0,0.0,0.0,0.0,0.0,0.0
0.00024322624063670412,0.0,0.0,0.0,0.0,0.0,0.0,0.0,0.0
0.00019567825374531834,0.0,0.0,0.0,0.0,0.0,0.0,0.0,0.0
0.00018562002574906366,0.0,0.0,0.0,0.0,0.0,0.0,0.0,0.0
0.03157917837078652,0.028321226884363296,0.027812829178370788,0.0277872264161985,0.027859462780898875,0.027818315484550563,0.027870435393258428,0.027848490168539325,0.0278539764747191
0.026425708099250936,0.022979393433988762,0.022567006086142323,0.022460023115636704,0.022530430711610486,0.022542317708333332,0.022528601942883895,0.022553290320692886,0.022537745786516853
0.021783378686797753,0.018027087722378276,0.01760464214653558,0.017570809925093633,0.017581782537453183,0.01756075169709738,0.017590011996722846,0.017581782537453183,0.017599155840355804
0.017420850889513107,0.01374045382724719,0.013426819990636704,0.013395730922284644,0.013399388459737828,0.013411275456460673,0.01339664530664794,0.013411275456460673,0.013402131612827715
0.014354920119382022,0.010391063904494381,0.010010680009363296,0.010021652621722846,0.009987820400280898,0.01000336493445693,0.009976847787921348,0.010001536165730338,0.009974104634831461
0.01135025310159176,0.007518982619382023,0.007254725538389513,0.0072602118445692886,0.007251068000936329,0.007241924157303371,0.007251068000936329,0.007240095388576779,0.007252896769662921
0.008642761001872659,0.005163528499531835,0.005008083157771535,0.004988881086142322,0.004984309164325843,0.004988881086142322,0.00497607970505618,0.004989795470505618,0.0049769940894194755
0.006671348314606741,0.00363102030664794,0.0034966058052434456,0.0034728318117977527,0.0034838044241573035,0.0034764893492509365,0.0034828900397940077,0.003471917427434457,0.0034819756554307114
0.004940418714887641,0.0023060773642322096,0.002235669768258427,0.002242070458801498,0.0022365841526217228,0.002242070458801498,0.0022365841526217228,0.002242070458801498,0.0022365841526217228
0.0037709211142322096,0.0014172957631086143,0.001342316245318352,0.0013395730922284644,0.0013331724016853932,0.0013331724016853932,0.0013340867860486892,0.0013322580173220973,0.0013340867860486892
0.002708406484082397,0.0008348329236891386,0.0008028294709737828,0.0007982575491573034,0.0008019150866104868,0.0007973431647940075,0.0008019150866104868,0.0007973431647940075,0.0008019150866104868
0.0019165496254681647,0.0004645072565543071,0.00044987710674157305,0.0004480483380149813,0.0004471339536516854,0.0004471339536516854,0.0004471339536516854,0.0004471339536516854,0.0004471339536516854
0.0013075696395131087,0.00023682555009363297,0.00022310978464419476,0.00022402416900749064,0.00022310978464419476,0.00022402416900749064,0.00022310978464419476,0.00022402416900749064,0.00022310978464419476
0.0009363295880149813,0.00010515420177902622,0.00010423981741573033,0.00010332543305243445,0.00010423981741573033,0.00010332543305243445,0.00010423981741573033,0.00010332543305243445,0.00010423981741573033
0.0006556135884831461,4.023291198501872e-05,4.023291198501872e-05,4.023291198501872e-05,4.023291198501872e-05,4.023291198501872e-05,4.023291198501872e-05,4.023291198501872e-05,4.023291198501872e-05
0.00045444902855805246,2.1945224719101123e-05,2.2859609082397005e-05,2.2859609082397005e-05,2.2859609082397005e-05,2.2859609082397005e-05,2.2859609082397005e-05,2.2859609082397005e-05,2.2859609082397005e-05
0.00029260299625468166,9.143843632958802e-06,8.229459269662921e-06,8.229459269662921e-06,8.229459269662921e-06,8.229459269662921e-06,8.229459269662921e-06,8.229459269662921e-06,8.229459269662921e-06
0.00020390771301498128,1.8287687265917603e-06,1.8287687265917603e-06,1.8287687265917603e-06,1.8287687265917603e-06,1.8287687265917603e-06,1.8287687265917603e-06,1.8287687265917603e-06,1.8287687265917603e-06
0.00013898642322097377,0.0,0.0,0.0,0.0,0.0,0.0,0.0,0.0
9.509597378277154e-05,0.0,0.0,0.0,0.0,0.0,0.0,0.0,0.0
7.680828651685393e-05,0.0,0.0,0.0,0.0,0.0,0.0,0.0,0.0
3.20034527153558e-05,0.0,0.0,0.0,0.0,0.0,0.0,0.0,0.0
3.20034527153558e-05,0.0,0.0,0.0,0.0,0.0,0.0,0.0,0.0
2.1030840355805244e-05,0.0,0.0,0.0,0.0,0.0,0.0,0.0,0.0
1.3715765449438202e-05,0.0,0.0,0.0,0.0,0.0,0.0,0.0,0.0
0.029653484901685394,0.027861291549625467,0.02755680155664794,0.027597948852996254,0.0276546406835206,0.027699445517322098,0.027708589360955056,0.027708589360955056,0.02771864758895131
0.024179980102996254,0.022233255793539325,0.022021118621254682,0.022108899520131085,0.022077810451779027,0.022089697448501873,0.022099755676498127,0.02212078651685393,0.02210158444522472
0.019665664501404494,0.017523261938202247,0.01731661107209738,0.017284607619382022,0.017313867919007492,0.017303809691011238,0.01732301176264045,0.01731021038155431,0.01731843984082397
0.015956007139513107,0.013644443469101123,0.013446022062265918,0.013392073384831461,0.013399388459737828,0.01342133368445693,0.01340761791900749,0.013420419300093633,0.013411275456460673
0.012592901451310862,0.010107604751872659,0.009951245025749064,0.009926556647940074,0.00994758748829588,0.009948501872659176,0.009951245025749064,0.009943929950842697,0.009946673103932584
0.009593720739700374,0.007438516795411985,0.007305016678370787,0.007303187909644195,0.007306845447097378,0.00732421875,0.007310502984550562,0.0073214755969101125,0.007306845447097378
0.0070160712195692886,0.0050172270014044945,0.0049413330992509365,0.004956877633426966,0.004958706402153558,0.004965107092696629,0.004962363939606741,0.004966935861423221,0.004963278323970037
0.005087634597378277,0.0033439036165730336,0.0032899549391385767,0.0032753247893258426,0.003273496020599251,0.0032716672518726593,0.0032716672518726593,0.0032698384831460676,0.0032716672518726593
0.0037188012055243444,0.0022402416900749065,0.00221281015917603,0.0022137245435393258,0.002205495084269663,0.0022137245435393258,0.0022064094686329587,0.0022137245435393258,0.002205495084269663
0.0025621049859550563,0.0013322580173220973,0.001327686095505618,0.001327686095505618,0.001327686095505618,0.0013295148642322098,0.001327686095505618,0.0013295148642322098,0.001327686095505618
0.0018205392673220973,0.0008083157771535581,0.000793685627340824,0.0007973431647940075,0.0007946000117041199,0.0007973431647940075,0.0007946000117041199,0.0007973431647940075,0.0007946000117041199
0.001152124297752809,0.0004233599602059925,0.00041513050093632957,0.00041513050093632957,0.00041604488529962545,0.00041513050093632957,0.00041604488529962545,0.00041513050093632957,0.00041604488529962545
0.0007808842462546816,0.00023408239700374532,0.00024231185627340824,0.0002395687031835206,0.00024139747191011235,0.0002395687031835206,0.00024139747191011235,0.0002395687031835206,0.00024139747191011235
0.0004827949438202247,0.00011886996722846443,0.00011338366104868914,0.00011612681413857678,0.00011246927668539326,0.00011612681413857678,0.00011246927668539326,0.00011612681413857678,0.00011246927668539326
0.00030083245552434455,3.657537453183521e-05,3.5660990168539325e-05,3.5660990168539325e-05,3.5660990168539325e-05,3.5660990168539325e-05,3.5660990168539325e-05,3.5660990168539325e-05,3.5660990168539325e-05
0.00017830495084269663,1.6458918539325842e-05,1.9202071629213483e-05,1.737330290262172e-05,1.9202071629213483e-05,1.737330290262172e-05,1.9202071629213483e-05,1.737330290262172e-05,1.9202071629213483e-05
9.783912687265917e-05,5.486306179775281e-06,5.486306179775281e-06,5.486306179775281e-06,5.486306179775281e-06,5.486306179775281e-06,5.486306179775281e-06,5.486306179775281e-06,5.486306179775281e-06
6.40069054307116e-05,1.8287687265917603e-06,1.8287687265917603e-06,1.8287687265917603e-06,1.8287687265917603e-06,1.8287687265917603e-06,1.8287687265917603e-06,1.8287687265917603e-06,1.8287687265917603e-06
4.206168071161049e-05,9.143843632958802e-07,9.143843632958802e-07,9.143843632958802e-07,9.143843632958802e-07,9.143843632958802e-07,9.143843632958802e-07,9.143843632958802e-07,9.143843632958802e-07
1.3715765449438202e-05,0.0,0.0,0.0,0.0,0.0,0.0,0.0,0.0
1.1886996722846442e-05,0.0,0.0,0.0,0.0,0.0,0.0,0.0,0.0
4.571921816479401e-06,0.0,0.0,0.0,0.0,0.0,0.0,0.0,0.0
8.229459269662921e-06,0.0,0.0,0.0,0.0,0.0,0.0,0.0,0.0
1.8287687265917603e-06,0.0,0.0,0.0,0.0,0.0,0.0,0.0,0.0
9.143843632958802e-07,0.0,0.0,0.0,0.0,0.0,0.0,0.0,0.0
0.028100860252808987,0.027124297752808987,0.026977996254681648,0.026988968867041198,0.027011828476123597,0.027031944932116105,0.02700359901685393,0.027025544241573034,0.02701548601357678
0.022965677668539325,0.021696512172284643,0.02165353610720974,0.021667251872659176,0.02168645394428839,0.021698340941011238,0.02170474163155431,0.021695597787921347,0.021701084094101125
0.018491594978932584,0.017200484257958802,0.01707247044709738,0.017057840297284643,0.01704778206928839,0.017041381378745318,0.01706149783473783,0.01703680945692884,0.01705601152855805
0.014649351884363296,0.013233884889981274,0.01317262113764045,0.013180850596910113,0.01317719305945693,0.013189080056179775,0.013192737593632958,0.01318999444054307,0.01318999444054307
0.011139944698033708,0.009914669651217229,0.00983877574906367,0.009888152504681648,0.009881751814138577,0.00988998127340824,0.009883580582865169,0.009894553195224719,0.00988540935159176
0.008466284819756554,0.0072656981507490635,0.007218150163857678,0.007205348782771535,0.007203520014044944,0.007206263167134831,0.007213578242041199,0.007210835088951311,0.007212663857677903
0.0061163170060861425,0.0050483160697565544,0.005037343457397004,0.005031857151217229,0.00503368591994382,0.005030942766853933,0.0050327715355805245,0.005030942766853933,0.0050327715355805245
0.004495113529962547,0.003471917427434457,0.003418883134363296,0.0034197975187265917,0.0034152255969101125,0.003418883134363296,0.0034124824438202246,0.003417054365636704,0.003410653675093633
0.0030092389396067414,0.0022292690777153557,0.002219210849719101,0.002219210849719101,0.0022146389279026216,0.0022173820809925095,0.0022146389279026216,0.0022173820809925095,0.0022146389279026216
0.0020271901334269664,0.0013514600889513108,0.0013523744733146068,0.0013496313202247191,0.001350545704588015,0.0013496313202247191,0.0013514600889513108,0.0013496313202247191,0.0013514600889513108
0.0012353332748127341,0.0007497951779026217,0.0007488807935393259,0.0007497951779026217,0.0007497951779026217,0.0007488807935393259,0.0007497951779026217,0.0007488807935393259,0.0007497951779026217
0.0007635109433520599,0.0004050722729400749,0.00040415788857677904,0.0004050722729400749,0.00040324350421348316,0.0004050722729400749,0.00040324350421348316,0.0004050722729400749,0.00040324350421348316
0.0004873668656367041,0.00022768170646067414,0.00022402416900749064,0.00022310978464419476,0.00022402416900749064,0.00022310978464419476,0.00022402416900749064,0.00022310978464419476,0.00022402416900749064
0.00027797284644194754,0.00011429804541198501,0.00011246927668539326,0.00011246927668539326,0.00011246927668539326,0.00011246927668539326,0.00011246927668539326,0.00011246927668539326,0.00011246927668539326
0.00012709942649812735,3.8404143258426965e-05,4.1147296348314606e-05,4.023291198501872e-05,4.1147296348314606e-05,4.023291198501872e-05,4.1147296348314606e-05,4.023291198501872e-05,4.1147296348314606e-05
8.138020833333333e-05,1.6458918539325842e-05,1.5544534176029963e-05,1.6458918539325842e-05,1.5544534176029963e-05,1.6458918539325842e-05,1.5544534176029963e-05,1.6458918539325842e-05,1.5544534176029963e-05
2.5602762172284646e-05,8.229459269662921e-06,6.4006905430711614e-06,8.229459269662921e-06,6.4006905430711614e-06,8.229459269662921e-06,6.4006905430711614e-06,8.229459269662921e-06,6.4006905430711614e-06
1.737330290262172e-05,9.143843632958802e-07,9.143843632958802e-07,9.143843632958802e-07,9.143843632958802e-07,9.143843632958802e-07,9.143843632958802e-07,9.143843632958802e-07,9.143843632958802e-07
1.1886996722846442e-05,0.0,0.0,0.0,0.0,0.0,0.0,0.0,0.0
2.7431530898876404e-06,1.8287687265917603e-06,1.8287687265917603e-06,1.8287687265917603e-06,1.8287687265917603e-06,1.8287687265917603e-06,1.8287687265917603e-06,1.8287687265917603e-06,1.8287687265917603e-06
0.0,0.0,0.0,0.0,0.0,0.0,0.0,0.0,0.0
9.143843632958802e-07,0.0,0.0,0.0,0.0,0.0,0.0,0.0,0.0
9.143843632958802e-07,0.0,0.0,0.0,0.0,0.0,0.0,0.0,0.0
0.0,0.0,0.0,0.0,0.0,0.0,0.0,0.0,0.0
0.0,0.0,0.0,0.0,0.0,0.0,0.0,0.0,0.0
0.02748365080758427,0.026892958508895132,0.02686461259363296,0.02681980775983146,0.02681980775983146,0.026816150222378276,0.026816150222378276,0.026817978991104868,0.02681523583801498
0.022421618972378276,0.02170474163155431,0.0216837107911985,0.021710227937734083,0.02171571424391386,0.021721200550093633,0.02173034439372659,0.021725772471910113,0.021728515625
0.017771974485018726,0.01714287804307116,0.017129162277621724,0.01714104927434457,0.017126419124531837,0.01712550474016854,0.017138306121254682,0.017127333508895132,0.01714287804307116
0.01394253277153558,0.013244857502340824,0.013243943117977528,0.013246686271067416,0.013243943117977528,0.013237542427434457,0.013236628043071162,0.013238456811797753,0.013236628043071162
0.010484331109550563,0.009801285990168539,0.009793970915262172,0.00978116953417603,0.009774768843632958,0.00977659761235955,0.009769282537453183,0.00977659761235955,0.009769282537453183
0.007808842462546817,0.007170602176966292,0.007166030255149813,0.007179746020599251,0.007177917251872659,0.007182489173689139,0.007178831636235955,0.007183403558052435,0.007178831636235955
0.005508251404494382,0.005037343457397004,0.005014483848314607,0.005004425620318352,0.005011740695224719,0.005008083157771535,0.005014483848314607,0.005008083157771535,0.005014483848314607
0.003838585557116105,0.003403338600187266,0.0034124824438202246,0.0034124824438202246,0.003410653675093633,0.0034143112125468167,0.0034115680594569288,0.0034143112125468167,0.0034115680594569288
0.0026306838132022473,0.0021917793188202246,0.0022219540028089887,0.002196351240636704,0.0022018375468164796,0.002196351240636704,0.0022018375468164796,0.002196351240636704,0.0022018375468164796
0.0015754842579588015,0.0012984257958801497,0.0012947682584269662,0.0013011689489700374,0.001297511411516854,0.0013011689489700374,0.001297511411516854,0.0013011689489700374,0.001297511411516854
0.0010186241807116105,0.0007662540964419476,0.0007644253277153558,0.0007625965589887641,0.0007644253277153558,0.0007625965589887641,0.0007644253277153558,0.0007625965589887641,0.0007644253277153558
0.0005870347612359551,0.00043158941947565545,0.0004297606507490637,0.0004279318820224719,0.0004279318820224719,0.0004279318820224719,0.0004279318820224719,0.0004279318820224719,0.0004279318820224719
0.00034380852059925096,0.0002450550093632959,0.000244140625,0.000244140625,0.000244140625,0.000244140625,0.000244140625,0.000244140625,0.000244140625
0.00017007549157303372,0.0001060685861423221,0.00010789735486891386,0.0001060685861423221,0.00010789735486891386,0.0001060685861423221,0.00010789735486891386,0.0001060685861423221,0.00010789735486891386
8.869528323970037e-05,4.1147296348314606e-05,4.297606507490637e-05,4.206168071161049e-05,4.297606507490637e-05,4.206168071161049e-05,4.297606507490637e-05,4.206168071161049e-05,4.297606507490637e-05
5.394867743445693e-05,2.3773993445692884e-05,2.3773993445692884e-05,2.3773993445692884e-05,2.3773993445692884e-05,2.3773993445692884e-05,2.3773993445692884e-05,2.3773993445692884e-05,2.3773993445692884e-05
2.011645599250936e-05,8.229459269662921e-06,8.229459269662921e-06,8.229459269662921e-06,8.229459269662921e-06,8.229459269662921e-06,8.229459269662921e-06,8.229459269662921e-06,8.229459269662921e-06
5.486306179775281e-06,3.6575374531835206e-06,3.6575374531835206e-06,3.6575374531835206e-06,3.6575374531835206e-06,3.6575374531835206e-06,3.6575374531835206e-06,3.6575374531835206e-06,3.6575374531835206e-06
9.143843632958802e-07,9.143843632958802e-07,9.143843632958802e-07,9.143843632958802e-07,9.143843632958802e-07,9.143843632958802e-07,9.143843632958802e-07,9.143843632958802e-07,9.143843632958802e-07
2.7431530898876404e-06,0.0,0.0,0.0,0.0,0.0,0.0,0.0,0.0
9.143843632958802e-07,0.0,0.0,0.0,0.0,0.0,0.0,0.0,0.0
9.143843632958802e-07,0.0,0.0,0.0,0.0,0.0,0.0,0.0,0.0
0.0,0.0,0.0,0.0,0.0,0.0,0.0,0.0,0.0
0.0,0.0,0.0,0.0,0.0,0.0,0.0,0.0,0.0
0.0,0.0,0.0,0.0,0.0,0.0,0.0,0.0,0.0
0.026988968867041198,0.026579324672284643,0.02654732121956929,0.02653817737593633,0.026550064372659176,0.02657749590355805,0.026579324672284643,0.026586639747191013,0.02658298220973783
0.021660851182116105,0.021405737944756555,0.02140482356039326,0.021379220798220973,0.021379220798220973,0.021372820107677902,0.021378306413857677,0.021376477645131085,0.021379220798220973
0.017428165964419477,0.017137391736891387,0.017095330056179775,0.01710081636235955,0.01708801498127341,0.017097158824906367,0.017090758134363296,0.01710264513108614,0.017093501287453183
0.013479854283707866,0.013139703300561799,0.01315250468164794,0.013149761528558053,0.013147932759831461,0.013167134831460673,0.013156162219101123,0.013164391678370786,0.013155247834737828
0.010137779435861423,0.009798542837078652,0.00979214214653558,0.00979671406835206,0.009797628452715356,0.009793970915262172,0.00979671406835206,0.009794885299625468,0.00979671406835206
0.007451318176498127,0.007097451427902622,0.007089221968632959,0.0070928795060861425,0.007097451427902622,0.007097451427902622,0.007097451427902622,0.007097451427902622,0.007097451427902622
0.005120552434456929,0.004842579588014981,0.00482063436329588,0.004828863822565543,0.004819719978932584,0.004827035053838951,0.00482063436329588,0.004827035053838951,0.00482063436329588
0.0036328490753745318,0.003372249531835206,0.0033603625351123594,0.0033749926849250935,0.0033704207631086143,0.003373163916198502,0.0033704207631086143,0.003373163916198502,0.0033704207631086143
0.0023243650514981275,0.0021606902504681647,0.002174406015917603,0.002175320400280899,0.0021762347846441947,0.002175320400280899,0.0021762347846441947,0.002175320400280899,0.0021762347846441947
0.0015453095739700374,0.0013926073852996255,0.001388949847846442,0.001388949847846442,0.001388949847846442,0.001388949847846442,0.001388949847846442,0.001388949847846442,0.001388949847846442
0.0008951822916666666,0.0007854561680711611,0.0007863705524344569,0.0007863705524344569,0.0007854561680711611,0.0007863705524344569,0.0007854561680711611,0.0007863705524344569,0.0007854561680711611
0.0005065689372659176,0.0004462195692883895,0.0004462195692883895,0.0004471339536516854,0.0004462195692883895,0.0004471339536516854,0.0004462195692883895,0.0004471339536516854,0.0004462195692883895
0.0002679146184456929,0.0002386543188202247,0.00023408239700374532,0.00023591116573033709,0.00023408239700374532,0.00023591116573033709,0.00023408239700374532,0.00023591116573033709,0.00023408239700374532
0.00015818849485018727,0.00011338366104868914,0.00011429804541198501,0.00011338366104868914,0.00011429804541198501,0.00011338366104868914,0.00011429804541198501,0.00011338366104868914,0.00011429804541198501
6.217813670411985e-05,3.748975889513108e-05,3.748975889513108e-05,3.748975889513108e-05,3.748975889513108e-05,3.748975889513108e-05,3.748975889513108e-05,3.748975889513108e-05,3.748975889513108e-05
2.1945224719101123e-05,1.9202071629213483e-05,1.9202071629213483e-05,1.9202071629213483e-05,1.9202071629213483e-05,1.9202071629213483e-05,1.9202071629213483e-05,1.9202071629213483e-05,1.9202071629213483e-05
1.3715765449438202e-05,5.486306179775281e-06,5.486306179775281e-06,5.486306179775281e-06,5.486306179775281e-06,5.486306179775281e-06,5.486306179775281e-06,5.486306179775281e-06,5.486306179775281e-06
3.6575374531835206e-06,3.6575374531835206e-06,3.6575374531835206e-06,3.6575374531835206e-06,3.6575374531835206e-06,3.6575374531835206e-06,3.6575374531835206e-06,3.6575374531835206e-06,3.6575374531835206e-06
1.8287687265917603e-06,1.8287687265917603e-06,1.8287687265917603e-06,1.8287687265917603e-06,1.8287687265917603e-06,1.8287687265917603e-06,1.8287687265917603e-06,1.8287687265917603e-06,1.8287687265917603e-06
0.0,9.143843632958802e-07,9.143843632958802e-07,9.143843632958802e-07,9.143843632958802e-07,9.143843632958802e-07,9.143843632958802e-07,9.143843632958802e-07,9.143843632958802e-07
0.0,0.0,0.0,0.0,0.0,0.0,0.0,0.0,0.0
0.0,0.0,0.0,0.0,0.0,0.0,0.0,0.0,0.0
0.0,0.0,0.0,0.0,0.0,0.0,0.0,0.0,0.0
0.0,0.0,0.0,0.0,0.0,0.0,0.0,0.0,0.0
0.0,0.0,0.0,0.0,0.0,0.0,0.0,0.0,0.0
